Date;ICLN;ENI.MI;ENEL.MI;XOM;CL=F
2016.04.06;8,010922;8,773847;2,729466;61,843628;37,75
2016.04.07;7,878145;8,599348;2,678243;61,145836;37,259998
2016.04.08;7,975515;8,969288;2,752883;61,769379;39,720001
2016.04.11;8,010922;8,997207;2,764591;61,851044;40,360001
2016.04.12;8,179108;9,046067;2,744102;62,615654;42,169998
2016.04.13;8,303035;9,409026;2,796789;62,971966;41,759998
2016.04.14;8,214515;9,576546;2,808497;63,417366;41,5
2016.04.15;8,170256;9,450908;2,786544;63,075886;40,360001
2016.04.18;8,196811;9,422986;2,837767;63,677174;39,779999
2016.04.19;8,267627;9,541647;2,872891;63,996387;41,080002
2016.04.20;8,28533;9,695205;2,875818;64,434357;42,630001
2016.04.21;8,258775;9,820846;2,853866;64,426941;43,18
2016.04.22;8,241072;9,876685;2,853866;64,976257;43,73
2016.04.25;8,117146;9,827825;2,839231;64,827805;42,639999
2016.04.26;8,170256;9,869705;2,875818;65,050499;44,040001
2016.04.27;8,311886;9,960445;2,915334;65,666634;45,330002
2016.04.28;8,152552;10,051186;2,966557;65,347427;46,029999
2016.04.29;8,1437;9,911585;2,896308;65,622093;45,919998
2016.05.02;8,028625;9,737084;2,894845;66,164001;44,779999
2016.05.03;7,833886;9,436948;2,846548;65,406807;43,650002
2016.05.04;7,80733;9,353186;2,852402;65,280617;43,779999
2016.05.05;7,701108;9,534666;2,880209;65,354851;44,32
2016.05.06;7,789627;9,457886;2,855329;65,703735;44,66
2016.05.09;7,639144;9,339226;2,846548;65,748283;43,439999
2016.05.10;7,736515;9,471846;2,915334;66,802391;44,66
2016.05.11;7,842737;9,374126;2,905089;66,480507;46,23
2016.05.12;7,727662;9,436948;2,931432;67,124283;46,700001
2016.05.13;7,577183;9,471846;2,931432;66,36824;46,209999
2016.05.16;7,683403;9,555605;2,93875;67,049431;47,720001
2016.05.17;7,647996;9,471846;2,890454;67,01947;48,310001
2016.05.18;7,52407;9,499765;2,90948;66,884743;48,189999
2016.05.19;7,435552;9,206607;2,883136;67,453667;48,16
2016.05.20;7,56833;9,353186;2,919724;67,176674;47,75
2016.05.23;7,577183;9,317212;2,893381;67,071884;48,080002
2016.05.24;7,674552;9,605002;2,972411;67,124283;48,619999
2016.05.25;7,701108;9,935962;2,981192;67,565948;49,560001
2016.05.26;7,692255;9,986323;3,004608;67,221588;49,48
2016.05.27;7,6657;9,950351;2,998754;67,378799;49,330002
2016.05.31;7,718811;9,878404;2,981192;66,637711;49,099998
2016.06.01;7,869294;9,741704;2,954849;66,802399;49,009998
2016.06.02;7,904701;9,734509;2,965093;66,270912;49,169998
2016.06.03;7,886997;9,655367;2,940213;66,151138;48,619999
2016.06.06;8,028625;9,907183;2,965093;66,877251;49,689999
2016.06.07;8,072886;10,137414;3,010462;67,902802;50,360001
2016.06.08;8,072886;10,166194;3,019244;67,962662;51,23
2016.06.09;7,984367;10,115831;3,016317;67,872856;50,560001
2016.06.10;7,647996;9,907183;2,913871;67,356339;49,07
2016.06.13;7,426701;9,67695;2,867037;67,812973;48,880001
2016.06.14;7,347033;9,497083;2,817277;67,693184;48,490002
2016.06.15;7,382442;9,619392;2,861183;67,491096;48,009998
2016.06.16;7,462107;9,518664;2,875818;68,284569;46,209999
2016.06.17;7,506366;9,892793;2,941677;67,910286;47,98
2016.06.20;7,736515;10,187778;3,014838;68,209702;49,369999
2016.06.21;7,701344;10,317284;3,022459;68,516617;48,849998
2016.06.22;7,701344;10,158999;2,976733;68,247154;49,130001
2016.06.23;7,881704;10,489959;3,049894;68,718742;50,110001
2016.06.24;7,475895;9,52586;2,743533;66,914688;47,639999
2016.06.27;7,358662;9,518664;2,732864;66,517952;46,330002
2016.06.28;7,692327;9,828039;2,85175;68,052513;47,849998
2016.06.29;7,818578;10,288505;2,972161;69,212784;49,880001
2016.06.30;7,917775;10,44679;3,033128;70,170982;48,330002
2016.07.01;7,917775;10,662631;3,03008;70,245827;48,990002
2016.07.05;7,85465;10,367645;3,014838;69,631989;46,599998
2016.07.06;7,90876;10,173388;2,958443;70,432968;47,43
2016.07.07;7,85465;10,230947;2,938629;69,587097;45,139999
2016.07.08;8,044029;10,432399;2,995023;70,021248;45,41
2016.07.11;8,143226;10,554711;3,016362;70,283241;44,759998
2016.07.12;8,197333;10,655439;3,03008;71,076714;46,799999
2016.07.13;8,089119;10,525931;3,034652;71,02433;44,75
2016.07.14;8,161262;10,72019;3,040749;71,076714;45,68
2016.07.15;8,116172;10,590684;3,042274;71,204002;45,950001
2016.07.18;8,134208;10,47557;3,045321;70,979408;45,240002
2016.07.19;8,098137;10,439594;3,025507;70,717438;44,650002
2016.07.20;8,206352;10,338867;3,03008;70,313217;44,939999
2016.07.21;8,17028;10,28131;3,06666;70,253296;44,75
2016.07.22;8,233406;10,238141;3,069708;70,373093;44,189999
2016.07.25;8,215368;10,094246;3,069708;69,018181;43,130001
2016.07.26;8,323585;10,10144;3,062088;68,516617;42,919998
2016.07.27;8,305549;10,094246;3,06666;68,052513;41,919998
2016.07.28;8,206352;9,835236;3,057515;67,521034;41,139999
2016.07.29;8,206352;9,842428;3,138297;66,585312;41,599998
2016.08.01;8,233406;9,648171;3,123055;64,27224;40,060001
2016.08.02;8,206352;9,446717;3,081902;65,155548;39,509998
2016.08.03;8,251441;9,51147;3,068184;65,492401;40,830002
2016.08.04;8,323585;9,533056;3,080378;65,484932;41,93
2016.08.05;8,296531;9,648171;3,120007;65,544792;41,799999
2016.08.08;8,377693;9,763287;3,104765;66,315826;43,02
2016.08.09;8,377693;9,748898;3,095619;66,39817;42,77
2016.08.10;8,215368;9,720119;3,089522;65,235535;41,709999
2016.08.11;8,260459;9,856817;3,1322;65,469574;43,490002
2016.08.12;8,215368;9,856817;3,127627;66,32267;44,490002
2016.08.15;8,350638;9,856817;3,127627;66,29248;45,740002
2016.08.16;8,314568;9,885598;3,054467;66,375511;46,580002
2016.08.17;8,305549;9,763287;2,998072;66,518967;46,790001
2016.08.18;8,467873;9,885598;3,00112;67,122917;48,220001
2016.08.19;8,449836;9,691339;2,96454;66,284927;48,52
2016.08.22;8,38671;9,669755;2,970636;66,428368;47,049999
2016.08.23;8,38671;9,799262;3,002645;66,224518;48,099998
2016.08.24;8,368674;9,720119;3,004169;66,451027;46,77
2016.08.25;8,359657;9,605002;3,011789;66,028252;47,330002
2016.08.26;8,323585;9,792066;3,031604;65,884796;47,639999
2016.08.29;8,350638;9,691339;2,984354;66,315125;46,98
2016.08.30;8,368674;9,856817;3,014838;66,073532;46,349998
2016.08.31;8,287515;9,741704;3,016362;65,786644;44,700001
2016.09.01;8,314568;9,669755;3,007217;65,560158;43,16
2016.09.02;8,422783;9,871209;3,075805;65,998062;44,439999
2016.09.06;8,639214;9,885598;3,063612;66,866241;44,830002
2016.09.07;8,612161;9,986323;3,147442;66,617119;45,5
2016.09.08;8,693322;10,094246;3,129152;67,228607;47,619999
2016.09.09;8,449836;9,907183;3,086475;65,560158;45,880001
2016.09.12;8,494927;9,756092;3,023983;65,899895;46,290001
2016.09.13;8,215368;9,432327;2,981306;64,329613;44,900002
2016.09.14;8,12519;9,461109;2,985878;63,869091;43,580002
2016.09.15;8,224388;9,504277;3,004169;64,231461;43,91
2016.09.16;8,143226;9,288433;2,956919;63,438759;43,029999
2016.09.19;8,251441;9,429505;3,00112;63,287758;43,299999
2016.09.20;8,269478;9,258734;2,991975;62,313877;43,439999
2016.09.21;8,377693;9,288434;2,979782;62,887619;45,34
2016.09.22;8,494927;9,392382;3,075805;63,068829;46,32
2016.09.23;8,39573;9,355257;3,027032;63,000874;44,48
2016.09.26;8,314568;9,184485;2,988927;62,70644;45,93
2016.09.27;8,377693;9,139936;2,9935;62,84235;44,669998
2016.09.28;8,431801;9,169637;3,014838;65,605484;47,049999
2016.09.29;8,377693;9,592851;3,028556;65,273285;47,830002
2016.09.30;8,260459;9,518602;3,023983;65,892357;48,240002
2016.10.03;8,269478;9,570576;2,979782;65,718697;48,810001
2016.10.04;8,17028;9,629973;2,98283;65,114746;48,689999
2016.10.05;8,350638;9,852719;2,934056;65,680962;49,830002
2016.10.06;8,287515;9,852719;2,91729;65,711159;50,439999
2016.10.07;8,17028;9,867569;2,874613;65,484665;49,810001
2016.10.10;8,260459;10,097736;2,918814;66,768097;49,810001
2016.10.11;8,071081;9,904693;2,891379;66,239609;50,790001
2016.10.12;8,071081;9,837869;2,85175;65,779099;50,18
2016.10.13;8,116172;9,771046;2,868516;65,348778;50,439999
2016.10.14;8,17028;9,964091;2,923387;65,333672;50,349998
2016.10.17;8,17028;9,882419;2,911194;65,333672;49,939999
2016.10.18;8,233406;10,060614;2,979782;65,507332;50,290001
2016.10.19;8,296531;10,090313;2,988927;65,809303;51,599998
2016.10.20;8,242423;10,194258;3,013314;65,8395;50,43
2016.10.21;8,134208;10,22396;3,002645;65,394066;50,849998
2016.10.24;8,161262;10,194258;2,98283;65,613037;50,52
2016.10.25;8,089119;10,157136;2,978257;65,469574;49,959999
2016.10.26;8,089119;10,053188;3,007217;65,748894;49,18
2016.10.27;8,016975;10,209108;3,005693;65,620567;49,720001
2016.10.28;7,944831;10,030914;3,004169;64,004967;48,700001
2016.10.31;7,98992;9,80817;2,987403;62,902733;46,860001
2016.11.01;7,809561;9,652249;2,987403;63,151863;46,669998
2016.11.02;7,710363;9,511176;2,931007;63,000874;45,34
2016.11.03;7,566076;9,436929;2,921863;63,159428;44,66
2016.11.04;7,539021;9,347832;2,909669;63,091469;44,07
2016.11.07;7,773488;9,481479;2,926435;64,51078;44,889999
2016.11.08;7,800541;9,540877;2,947774;64,975388;44,98
2016.11.09;7,412769;9,503753;2,877661;65,691322;45,27
2016.11.10;7,214375;9,466629;2,778589;66,300636;44,66
2016.11.11;7,169284;9,318132;2,774017;65,249573;44,66
2016.11.14;7,088124;9,102812;2,74963;64,95253;43,32
2016.11.15;7,196338;9,281008;2,781638;66,12545;45,810001
2016.11.16;7,097141;9,22161;2,783162;65,310501;45,57
2016.11.17;7,142231;9,355257;2,822791;64,914452;45,419998
2016.11.18;7,115177;9,191913;2,755726;64,95253;45,689999
2016.11.21;7,106159;9,332982;2,780113;65,874115;47,490002
2016.11.22;7,169284;9,429505;2,866992;66,018822;48,029999
2016.11.23;7,205356;9,429505;2,853274;66,201614;47,959999
2016.11.25;7,232411;9,481479;2,847178;66,353943;46,060001
2016.11.28;7,340626;9,340406;2,822791;65,858894;47,080002
2016.11.29;7,232411;9,399804;2,88833;65,424751;45,23
2016.11.30;7,250446;9,756196;2,906621;66,491035;49,439999
2016.12.01;7,18732;10,105164;2,885282;66,445343;51,060001
2016.12.02;7,160267;10,053188;2,918814;66,293007;51,68
2016.12.05;7,232411;10,16456;2,853274;66,628159;51,790001
2016.12.06;7,232411;10,365031;2,995023;66,689064;50,93
2016.12.07;7,367681;10,468978;3,007217;67,077515;49,77
2016.12.08;7,32259;10,565499;3,016362;67,267937;50,84
2016.12.09;7,286518;10,580349;3,022459;67,785851;51,5
2016.12.12;7,223392;10,973864;3,057515;69,293884;52,830002
2016.12.13;7,331608;11,085237;3,115434;70,51252;52,98
2016.12.14;7,133212;11,048114;3,078854;68,989227;51,040001
2016.12.15;7,106159;11,114935;3,107813;69,225334;50,900002
2016.12.16;7,097141;11,174335;3,065135;69,446213;51,900002
2016.12.19;7,214375;11,107512;3,091048;68,867371;52,119999
2016.12.20;7,160267;11,248583;3,139821;68,874969;52,23
2016.12.21;7,142231;11,263431;3,115434;68,760735;52,490002
2016.12.22;7,220314;11,263431;3,104765;69,210114;52,950001
2016.12.23;7,137638;11,389654;3,139821;69,088234;53,02
2016.12.27;7,211128;11,389654;3,171829;69,118713;53,900002
2016.12.28;7,192755;11,36738;3,152015;68,77597;54,060001
2016.12.29;7,266243;11,463902;3,168781;68,814041;53,77
2016.12.30;7,238686;11,486176;3,191644;68,745506;53,720001
2017.01.03;7,321361;11,604975;3,176401;69,225334;52,330002
2017.01.04;7,449966;11,649522;3,180974;68,463684;53,259998
2017.01.05;7,495897;11,612397;3,185546;67,443085;53,759998
2017.01.06;7,459153;11,671797;3,171829;67,405006;53,990002
2017.01.09;7,486711;11,426777;3,164208;66,293007;51,959999
2017.01.10;7,495897;11,545574;3,141346;65,447609;50,82
2017.01.11;7,578572;11,53815;3,152015;66,117851;52,25
2017.01.12;7,606131;11,478752;3,148966;65,759857;53,009998
2017.01.13;7,587759;11,634671;3,173353;65,767487;52,369999
2017.01.17;7,670435;11,486176;3,158111;66,536758;52,48
2017.01.18;7,624503;11,560424;3,16116;65,714172;51,080002
2017.01.19;7,587759;11,515876;3,147442;64,533646;51,369999
2017.01.20;7,615317;11,545574;3,155063;65,417137;52,419998
2017.01.23;7,615317;11,36738;3,18155;64,716415;52,75
2017.01.24;7,652061;11,397079;3,175318;64,807831;53,18
2017.01.25;7,70718;11,248583;3,12546;64,99823;52,75
2017.01.26;7,642874;11,100087;3,102089;65,196266;53,779999
2017.01.27;7,642874;10,96644;3,064696;65,127724;53,169998
2017.01.30;7,5602;10,684298;2,999257;64,632652;52,630001
2017.01.31;7,578572;10,550651;3,010164;63,893856;52,810001
2017.02.01;7,679621;10,491252;3,011722;63,1703;53,880001
2017.02.02;7,670435;10,513526;3,027302;63,558727;53,540001
2017.02.03;7,743924;10,788243;3,050673;63,627281;53,830002
2017.02.06;7,652061;10,565499;2,991467;63,452114;53,009998
2017.02.07;7,624503;10,543226;3,017954;63,040825;52,169998
2017.02.08;7,679621;10,498677;3,102089;62,625786;52,34
2017.02.09;7,716364;10,662023;3,145715;62,9025;53
2017.02.10;7,817414;10,691721;3,153505;63,425129;53,860001
2017.02.13;7,890903;10,795671;3,14104;63,794079;52,93
2017.02.14;7,946018;10,795671;3,131692;63,655712;53,200001
2017.02.15;7,99195;10,676873;3,083392;63,91703;53,110001
2017.02.16;8,010323;10,691721;3,130134;63,256035;53,360001
2017.02.17;8,019507;10,483827;3,147273;62,841;53,400002
2017.02.21;8,11137;10,825369;3,123902;62,94091;54,060001
2017.02.22;8,047067;10,662023;3,083392;62,203049;53,59
2017.02.23;8,019507;10,699145;3,095857;62,856346;54,450001
2017.02.24;7,946018;10,617473;3,116112;62,318333;53,990002
2017.02.27;7,955205;10,662023;3,162853;62,671883;54,049999
2017.02.28;7,909275;10,780819;3,156621;62,502808;54,009998
2017.03.01;7,99195;11,137211;3,187782;63,809414;53,830002
2017.03.02;7,927646;11,144634;3,214269;64,024628;52,610001
2017.03.03;7,964391;11,337679;3,218944;63,379002;53,330002
2017.03.06;7,90009;11,204034;3,214269;63,663403;53,200001
2017.03.07;7,91846;11,174335;3,225175;63,425129;53,139999
2017.03.08;7,890903;10,988714;3,248547;62,279915;50,279999
2017.03.09;7,826599;10,914464;3,262569;62,771809;49,279999
2017.03.10;7,84497;10,862493;3,256336;62,7257;48,490002
2017.03.13;7,909275;10,877341;3,257894;62,579674;48,400002
2017.03.14;7,863345;10,743696;3,248547;62,249165;47,720001
2017.03.15;7,973577;10,892192;3,239198;63,025463;48,860001
2017.03.16;8,028693;11,144634;3,310868;63,07925;48,75
2017.03.17;8,001136;11,077811;3,279707;63,025463;48,779999
2017.03.20;7,973577;11,025839;3,264127;63,025463;48,220001
2017.03.21;7,817414;11,077811;3,287497;62,894787;47,34
2017.03.22;7,789854;11,055537;3,310868;62,841;48,040001
2017.03.23;7,789854;11,159484;3,351377;62,917831;47,700001
2017.03.24;7,808227;11,129786;3,340472;62,43364;47,970001
2017.03.27;7,789854;11,114935;3,35761;62,448997;47,73
2017.03.28;7,854157;11,174335;3,380981;62,9025;48,369999
2017.03.29;7,881716;11,226308;3,39033;63,040833;49,509998
2017.03.30;7,808227;11,374804;3,402794;64,332077;50,349998
2017.03.31;7,863345;11,397079;3,438629;63,033154;50,599998
2017.04.03;7,854157;11,226308;3,437072;63,07925;50,240002
2017.04.04;7,890903;11,307981;3,430838;63,309845;51,029999
2017.04.05;7,808227;11,248583;3,415258;63,432804;51,150002
2017.04.06;7,808227;11,263431;3,427723;63,801746;51,700001
2017.04.07;7,808227;11,307981;3,427723;63,609585;52,240002
2017.04.10;7,863345;11,300556;3,391887;63,893978;53,080002
2017.04.11;7,854157;11,315406;3,412142;63,671078;53,400002
2017.04.12;7,835785;11,315406;3,410584;63,771019;53,110001
2017.04.13;7,771482;11,129786;3,371633;62,787189;53,18
2017.04.17;7,881716;11,129786;3,371633;62,702652;52,650002
2017.04.18;7,808227;10,899616;3,304636;62,295284;52,41
2017.04.19;7,762296;10,907042;3,34982;61,864849;50,439999
2017.04.20;7,780667;10,899616;3,304636;62,264545;50,27
2017.04.21;7,743924;10,780819;3,264127;62,018597;49,619999
2017.04.24;7,835785;11,101497;3,468232;62,341381;49,23
2017.04.25;7,863345;11,055685;3,451093;62,817932;49,560001
2017.04.26;7,826599;11,101497;3,433955;62,564293;49,619999
2017.04.27;7,789854;10,933521;3,426165;62,456696;48,970001
2017.04.28;7,789854;10,895347;3,399678;62,756447;49,330002
2017.05.01;7,854157;10,895347;3,399678;63,071564;48,84
2017.05.02;7,946018;10,918252;3,446419;63,063892;47,66
2017.05.03;7,91846;10,87244;3,45421;63,563473;47,82
2017.05.04;7,890903;10,864805;3,532112;62,748768;45,52
2017.05.05;8,028693;11,13967;3,56639;63,040833;46,220001
2017.05.08;7,890903;11,13967;3,558599;63,709515;46,43
2017.05.09;7,982763;11,254199;3,544577;63,263718;45,880001
2017.05.10;7,99195;11,315278;3,560158;63,550789;47,330002
2017.05.11;7,91846;11,37636;3,553925;64,093903;47,830002
2017.05.12;7,964391;11,368727;3,557042;64,047356;47,84
2017.05.15;8,056254;11,452713;3,561716;64,241325;48,849998
2017.05.16;8,019507;11,490889;3,647408;64,047356;48,66
2017.05.17;7,927646;11,315278;3,605341;63,612854;49,07
2017.05.18;7,771482;11,345819;3,613132;63,426655;49,349998
2017.05.19;7,890903;11,483253;3,648967;63,566326;50,330002
2017.05.22;7,881716;11,467982;3,684802;63,845615;50,73
2017.05.23;7,955205;11,445076;3,728427;64,070618;51,470001
2017.05.24;7,973577;11,399266;3,692592;63,845615;51,360001
2017.05.25;8,028693;11,185481;3,715963;63,426655;48,900002
2017.05.26;8,019507;10,925887;3,745566;63,271488;49,799999
2017.05.30;8,010323;10,933521;3,683244;62,92234;49,66
2017.05.31;7,982763;10,757915;3,706614;62,456814;48,32
2017.06.01;8,001136;10,887712;3,725311;62,611988;48,360001
2017.06.02;8,001136;10,727373;3,684802;61,680969;47,66
2017.06.05;8,001136;10,658658;3,672338;62,161999;47,400002
2017.06.06;7,99195;10,742643;3,723753;63,007698;48,189999
2017.06.07;7,936832;10,52886;3,736218;62,774925;45,720001
2017.06.08;7,955205;10,605211;3,849955;62,549927;45,639999
2017.06.09;7,881716;10,612844;3,815678;63,721474;45,830002
2017.06.12;7,881716;10,658658;3,773611;64,342178;46,080002
2017.06.13;7,881716;10,689198;3,778285;64,365456;46,459999
2017.06.14;7,881716;10,574671;3,781401;63,674923;44,73
2017.06.15;7,808227;10,51359;3,789191;63,822338;44,459999
2017.06.16;7,854157;10,574671;3,832817;64,776649;44,740002
2017.06.19;7,881716;10,620481;3,842165;64,210266;44,200001
2017.06.20;7,763074;10,406696;3,811005;63,86113;43,23
2017.06.21;7,809782;10,460142;3,879559;63,186142;42,529999
2017.06.22;7,89386;10,429602;3,837492;62,906818;42,740002
2017.06.23;7,931225;10,368521;3,815678;63,318035;43,009998
2017.06.26;7,996621;10,383792;3,856188;63,030968;43,380001
2017.06.27;7,968595;10,322712;3,739334;62,930084;44,240002
2017.06.28;8,071355;10,353251;3,770495;63,255959;44,740002
2017.06.29;7,931225;10,154738;3,69415;62,611988;44,93
2017.06.30;7,996621;10,047846;3,656757;62,635284;46,040001
2017.07.03;8,033988;10,170007;3,708173;63,698212;47,07
2017.07.05;7,959254;10,055482;3,653641;62,728374;45,130001
2017.07.06;7,987279;9,994399;3,661431;62,161999;45,52
2017.07.07;8,005963;9,895144;3,677012;62,239601;44,23
2017.07.10;8,015306;9,925685;3,737775;62,193027;44,400002
2017.07.11;7,987279;9,902778;3,731544;62,534412;45,040001
2017.07.12;8,108724;10,07075;3,795424;62,813728;45,490002
2017.07.13;8,090038;10,086022;3,873327;62,821491;46,080002
2017.07.14;8,220825;10,108928;3,871769;63,062004;46,540001
2017.07.17;8,211483;10,086022;3,834375;62,736145;46,02
2017.07.18;8,286219;10,032575;3,863978;62,534412;46,400002
2017.07.19;8,398321;10,02494;3,868652;62,728374;47,119999
2017.07.20;8,407663;10,040211;3,832817;62,736145;46,790001
2017.07.21;8,398321;9,956224;3,825026;62,161999;45,77
2017.07.24;8,388978;9,971495;3,85677;61,968029;46,34
2017.07.25;8,398321;10,07075;3,807568;62,27837;47,889999
2017.07.26;8,510422;10,124197;3,855182;62,355984;48,75
2017.07.27;8,314244;10,093657;3,880577;62,712852;49,040001
2017.07.28;8,417006;10,124197;3,820265;61,758553;49,709999
2017.07.31;8,435687;10,208183;3,828202;62,099926;50,169998
2017.08.01;8,445028;10,284535;3,87899;62,20079;49,16
2017.08.02;8,417006;10,330345;3,872642;62,534412;49,59
2017.08.03;8,45437;10,307441;3,920255;62,449051;49,029999
2017.08.04;8,501081;10,345616;3,955172;62,231827;49,580002
2017.08.07;8,585157;10,360887;3,953586;62,193027;49,389999
2017.08.08;8,547789;10,337982;3,975805;62,037857;49,169998
2017.08.09;8,473054;10,307441;3,947237;62,231827;49,560001
2017.08.10;8,360951;10,299805;3,907558;61,863632;48,59
2017.08.11;8,370294;10,154738;3,87899;61,268257;48,82
2017.08.14;8,445028;10,192913;3,991678;61,283936;47,59
2017.08.15;8,463713;10,192913;3,991678;61,135098;47,549999
2017.08.16;8,519764;10,238724;4,019453;60,688564;46,779999
2017.08.17;8,323585;10,108928;3,991678;59,740677;47,09
2017.08.18;8,435687;10,116562;4,019453;60,038361;48,509998
2017.08.21;8,342269;10,07075;4,02342;59,834682;47,369999
2017.08.22;8,360951;10,032575;3,999613;60,116707;47,639999
2017.08.23;8,426346;10,040211;3,951999;60,014862;48,41
2017.08.24;8,426346;10,032575;4,031356;59,795513;47,43
2017.08.25;8,45437;10,00967;4,04326;60,101044;47,869999
2017.08.28;8,473054;10,02494;4,031356;59,905182;46,57
2017.08.29;8,473054;10,00967;3,991678;59,889515;46,439999
2017.08.30;8,510422;10,032575;4,035325;59,61533;45,959999
2017.08.31;8,529105;10,055482;4,035325;59,795513;47,23
2017.09.01;8,557133;10,162373;4,07897;59,983521;47,290001
2017.09.05;8,463713;10,223454;4,05913;60,46138;48,66
2017.09.06;8,538447;10,29217;4,082938;61,714783;49,16
2017.09.07;8,529105;10,345616;4,118649;61,910641;49,09
2017.09.08;8,501081;10,276901;4,106745;61,74612;47,48
2017.09.11;8,557133;10,315076;4,162295;62,082981;48,07
2017.09.12;8,594499;10,345616;4,122617;62,278824;48,23
2017.09.13;8,529105;10,353251;4,094842;62,490349;49,299999
2017.09.14;8,659892;10,414332;4,07897;62,741028;49,889999
2017.09.15;8,631866;10,544129;4,051195;62,725365;49,889999
2017.09.18;8,566473;10,583445;4,086906;62,741028;49,91
2017.09.19;8,613182;10,638483;4,07897;62,842873;49,48
2017.09.20;8,575817;10,724977;4,063099;63,101387;50,41
2017.09.21;8,547789;10,803605;4,067067;62,584358;50,549999
2017.09.22;8,566473;10,835056;4,047228;62,607841;50,66
2017.09.25;8,379637;10,960862;4,04326;63,438244;52,220001
2017.09.26;8,370294;11,000177;4,04326;63,367722;51,880001
2017.09.27;8,417006;10,953;4,055163;63,79076;52,139999
2017.09.28;8,379637;10,968725;3,999613;64,386139;51,560001
2017.09.29;8,388978;11,008039;4,04326;64,221619;51,669998
2017.10.02;8,435687;10,984452;4,055163;63,947437;50,580002
2017.10.03;8,519764;11,06308;4,007549;64,049271;50,419998
2017.10.04;8,501081;10,929411;3,940889;64,072784;49,98
2017.10.05;8,501081;11,031629;4,003582;64,25296;50,790001
2017.10.06;8,501081;10,890097;3,955172;64,010094;49,290001
2017.10.09;8,463713;10,890097;4,027388;64,26078;49,580002
2017.10.10;8,547789;10,890097;4,051195;64,440971;50,919998
2017.10.11;8,566473;10,945138;4,122617;64,707321;51,299999
2017.10.12;8,594499;10,89796;4,09881;64,574135;50,599998
2017.10.13;8,631866;10,984452;4,102777;64,558472;51,450001
2017.10.16;8,547789;11,000177;4,086906;64,871819;51,869999
2017.10.17;8,641208;10,921549;4,114681;64,989334;51,880001
2017.10.18;8,631866;10,913686;4,102777;64,832649;52,040001
2017.10.19;8,557133;10,827194;4,090874;64,816978;51,290001
2017.10.20;8,538447;10,890097;4,110713;65,106842;51,470001
2017.10.23;8,557133;10,874371;4,142456;65,208672;51,900002
2017.10.24;8,538447;10,968725;4,122617;65,388847;52,470001
2017.10.25;8,557133;10,850781;4,063099;65,153831;52,18
2017.10.26;8,557133;10,945138;4,198006;65,388847;52,639999
2017.10.27;8,69726;10,835056;4,194038;65,576874;53,900002
2017.10.30;8,69726;10,882234;4,221815;65,443703;54,150002
2017.10.31;8,69726;11,039492;4,225781;65,294853;54,380001
2017.11.01;8,687918;11,181024;4,273396;65,702217;54,299999
2017.11.02;8,715943;11,243927;4,257524;65,43586;54,540001
2017.11.03;8,641208;11,306829;4,26546;65,161659;55,639999
2017.11.06;8,715943;11,401185;4,277363;65,6082;57,349998
2017.11.07;8,557133;11,574167;4,281332;65,475037;57,200001
2017.11.08;8,669233;11,495538;4,253557;65,388847;56,810001
2017.11.09;8,519764;11,409048;4,233718;65,780548;57,169998
2017.11.10;8,45437;11,330419;4,186104;65,574982;56,740002
2017.11.13;8,473054;11,25179;4,170231;65,535431;56,759998
2017.11.14;8,463713;11,11812;4,186104;65,02153;55,700001
2017.11.15;8,388978;10,913686;4,178167;64,207184;55,330002
2017.11.16;8,473054;10,803605;4,201975;63,693268;55,139999
2017.11.17;8,388978;10,795741;4,138489;63,440273;56,549999
2017.11.20;8,379637;10,81933;4,146424;63,685375;56,09
2017.11.21;8,379637;10,905822;4,253557;63,938377;56,830002
2017.11.22;8,417006;10,937274;4,213879;64,120201;58,02
2017.11.24;8,435687;10,866509;4,249589;64,37323;58,950001
2017.11.27;8,332926;10,76429;4,225781;64,128113;58,110001
2017.11.28;8,45437;10,835056;4,289267;64,570877;57,990002
2017.11.29;8,351609;10,81933;4,344818;65,04525;57,299999
2017.11.30;8,323585;10,858646;4,328947;65,851707;57,400002
2017.12.01;8,258192;10,866509;4,261492;65,986107;58,360001
2017.12.04;8,090038;10,921549;4,340849;66,073074;57,470001
2017.12.05;8,127407;10,929411;4,384497;65,535431;57,619999
2017.12.06;8,127407;10,866509;4,384497;65,053154;55,959999
2017.12.07;8,211483;10,882234;4,404336;65,266632;56,689999
2017.12.08;8,342269;10,929411;4,428143;65,353607;57,360001
2017.12.11;8,332926;10,984452;4,372594;65,646111;57,990002
2017.12.12;8,323585;11,11812;4,372594;65,432678;57,139999
2017.12.13;8,388978;11,023767;4,305139;65,7173;56,599998
2017.12.14;8,407663;10,968725;4,233718;65,543365;57,040001
2017.12.15;8,45437;10,960862;4,249589;65,646111;57,299999
2017.12.18;8,529105;11,055219;4,332914;65,574982;57,16
2017.12.19;8,45437;10,992315;4,217846;65,179665;57,459999
2017.12.20;8,510422;10,937274;4,186104;65,519638;58,09
2017.12.21;8,613254;11,023767;4,198006;66,294441;58,360001
2017.12.22;8,622687;11,023767;4,194038;66,389343;58,470001
2017.12.26;8,632121;11,023767;4,194038;66,397255;59,970001
2017.12.27;8,707592;11,06308;4,158328;66,333984;59,639999
2017.12.28;8,754764;10,976589;4,118649;66,428856;59,84
2017.12.29;8,7925;10,850781;4,071034;66,12841;60,419998
2018.01.02;8,924577;10,874371;4,051195;67,227409;60,369999
2018.01.03;8,905707;10,945138;4,031356;68,547745;61,630001
2018.01.04;8,839669;11,204611;4,158328;68,642632;62,009998
2018.01.05;8,867972;11,346146;4,237686;68,58728;61,439999
2018.01.08;9,00005;11,41691;4,225781;68,89563;61,73
2018.01.09;8,981181;11,401185;4,225781;68,603104;62,959999
2018.01.10;8,962312;11,41691;4,146424;68,057556;63,57
2018.01.11;9,141558;11,55844;4,142456;68,729591;63,799999
2018.01.12;9,113256;11,574167;4,162295;69,196075;64,300003
2018.01.16;9,07552;11,723562;4,261492;68,76123;63,73
2018.01.17;9,132125;11,684248;4,273396;69,575562;63,970001
2018.01.18;9,066085;11,755014;4,249589;69,124916;63,950001
2018.01.19;9,084953;11,66066;4,277363;68,903526;63,369999
2018.01.22;9,084953;11,74715;4,261178;69,773247;63,490002
2018.01.23;9,056652;11,762877;4,240943;69,812759;64,470001
2018.01.24;9,018916;11,723562;4,192383;69,994606;65,610001
2018.01.25;9,047218;11,739288;4,176197;69,868103;65,510002
2018.01.26;9,047218;11,755014;4,192383;70,366219;66,139999
2018.01.29;9,018916;11,629209;4,14706;69,583481;65,559998
2018.01.30;9,018916;11,435781;4,101737;68,611008;64,5
2018.01.31;9,028349;11,390178;4,135729;69,022125;64,730003
2018.02.01;8,981181;11,471951;4,100118;70,421547;65,800003
2018.02.02;8,783067;11,281669;4,022421;66,832085;65,449997
2018.02.05;8,509479;11,129129;3,973052;63,029137;64,150002
2018.02.06;8,584951;10,814612;3,859744;61,945972;63,389999
2018.02.07;8,537782;10,992315;3,944725;60,831192;61,790001
2018.02.08;8,311365;10,750137;3,821706;60,143341;61,150002
2018.02.09;8,349102;10,534694;3,750483;60,526718;59,200001
2018.02.12;8,500046;10,600743;3,794188;61,03791;59,290001
2018.02.13;8,613254;10,498526;3,76667;60,942047;59,189999
2018.02.14;8,726462;10,566147;3,868647;61,069859;60,599998
2018.02.15;8,915142;10,61804;3,878359;60,870167;61,34
2018.02.16;8,952878;10,718687;3,933395;61,133751;61,68
2018.02.20;8,915142;10,778444;3,860554;60,502769;61,900002
2018.02.21;8,962312;10,78159;3,8039;59,815861;61,68
2018.02.22;8,981181;10,756427;3,821706;60,590622;62,77
2018.02.23;8,924577;10,84292;3,913161;61,924477;63,549999
2018.02.26;9,037784;10,899533;3,905877;62,970795;63,91
2018.02.27;8,905707;10,866509;3,914779;61,900509;63,009998
2018.02.28;8,830235;10,783162;3,867838;60,494774;61,639999
2018.03.01;8,773632;10,67151;3,854079;60,06348;60,990002
2018.03.02;8,830235;10,518969;3,769098;60,343029;61,25
2018.03.05;8,858538;10,534694;3,80471;60,918098;62,57
2018.03.06;8,924577;10,481227;3,827371;60,846218;62,599998
2018.03.07;8,943444;10,625904;3,86622;59,312664;61,150002
2018.03.08;8,934011;10,679371;3,917208;59,200851;60,119999
2018.03.09;9,00005;10,687235;3,91397;59,552292;62,040001
2018.03.12;9,047218;10,786306;3,911543;60,095406;61,360001
2018.03.13;9,028349;10,850781;3,941488;59,528324;60,709999
2018.03.14;9,047218;10,78159;3,925301;58,78553;60,959999
2018.03.15;9,056652;10,869654;3,952818;59,440475;61,189999
2018.03.16;8,990615;11,086668;3,990048;59,999569;62,34
2018.03.19;9,037784;10,95929;3,925301;59,224815;62,060001
2018.03.20;9,113256;11,110259;3,946344;59,097019;63,400002
2018.03.21;9,141558;11,196749;3,944725;59,935665;65,169998
2018.03.22;8,981181;11,14171;3,881597;58,705643;64,300003
2018.03.23;8,858538;11,092958;3,92611;58,218426;65,879997
2018.03.26;9,16986;11,053645;3,873503;59,105011;65,550003
2018.03.27;9,028349;11,165298;3,882406;58,865387;65,25
2018.03.28;8,943444;11,135419;4,026468;58,154541;64,379997
2018.03.29;8,981181;11,234491;4,022421;59,592224;64,940002
2018.04.02;8,849104;11,234491;4,022421;58,482018;63,009998
2018.04.03;9,056652;11,347717;4,010282;59,919701;63,509998
2018.04.04;9,141558;11,445216;4,016757;59,799885;63,369999
2018.04.05;9,207596;11,685821;4,087169;60,718407;63,540001
2018.04.06;9,07552;11,706264;4,083932;59,799885;62,060001
2018.04.09;9,198161;11,784893;4,114687;59,799885;63,419998
2018.04.10;9,254766;11,899691;4,108212;61,557079;65,510002
2018.04.11;9,226462;11,973602;4,096881;61,844612;66,82
2018.04.12;9,273634;12,053804;4,137348;61,676899;67,07
2018.04.13;9,188728;12,134006;4,138967;62,172081;67,389999
2018.04.16;9,132125;12,146587;4,114687;62,731174;66,220001
2018.04.17;9,198161;12,329005;4,176197;62,56345;66,519997
2018.04.18;9,283068;12,420215;4,205332;63,274315;68,470001
2018.04.19;9,273634;12,580618;4,202096;63,434055;68,290001
2018.04.20;9,235896;12,542875;4,184289;63,098602;68,379997
2018.04.23;9,160426;12,649809;4,210189;63,55386;68,639999
2018.04.24;9,094387;12,602634;4,19562;62,579414;67,699997
2018.04.25;9,066085;12,462676;4,205332;63,497948;68,050003
2018.04.26;9,179293;12,714287;4,257131;64,584206;68,190002
2018.04.27;9,33967;12,704851;4,249037;62,132153;68,099998
2018.04.30;9,2925;12,737875;4,263606;62,100197;68,57
2018.05.01;9,301934;12,737875;4,263606;61,461216;67,25
2018.05.02;9,254766;12,833802;4,321878;61,341415;67,93
2018.05.03;9,235896;12,681261;4,305692;61,133751;68,43
2018.05.04;9,254766;12,855818;4,359108;61,421288;69,720001
2018.05.07;9,301934;13,102714;4,360726;62,092213;70,730003
2018.05.08;9,188728;12,766181;4,252275;62,371754;69,059998
2018.05.09;9,273634;13,120012;4,240943;63,8414;71,139999
2018.05.10;9,443446;12,901424;4,106594;65,271088;71,360001
2018.05.11;9,367973;12,926585;4,103356;65,57769;70,699997
2018.05.14;9,415142;13,112149;4,134111;66,021431;70,959999
2018.05.15;9,386842;13,181343;4,158391;65,989166;71,309998
2018.05.16;9,415142;13,00364;4,003808;66,174728;71,489998
2018.05.17;9,386842;13,053962;4,032943;66,06176;71,489998
2018.05.18;9,311369;13,014648;3,964149;65,593834;71,279999
2018.05.21;9,424577;12,911511;3,964959;66,384514;72,239998
2018.05.22;9,452881;12,97436;3,9512;65,868134;72,129997
2018.05.23;9,415142;12,830935;3,947153;66,279617;71,839996
2018.05.24;9,301934;12,713294;3,932586;64,762802;70,709999
2018.05.25;9,188728;12,397436;3,842749;63,504189;67,879997
2018.05.29;9,047218;12,162152;3,720537;63,270206;66,730003
2018.05.30;9,198161;12,481235;3,845985;65,755188;68,209999
2018.05.31;9,160426;12,481235;3,806329;65,545418;67,040001
2018.06.01;9,113256;12,676229;3,831417;66,021431;65,809998
2018.06.04;8,905707;12,558589;3,874312;65,327576;64,75
2018.06.05;8,773632;12,450618;3,80309;65,093597;65,519997
2018.06.06;8,764199;12,449005;3,794188;66,206993;64,730003
2018.06.07;8,679291;12,594042;3,788523;66,868584;65,949997
2018.06.08;8,745329;12,266904;3,71811;67,449493;65,739998
2018.06.11;8,688725;12,594042;3,85246;67,046089;66,099998
2018.06.12;8,688725;12,624661;3,859744;66,497444;66,360001
2018.06.13;8,688725;12,498961;3,869457;65,76326;66,639999
2018.06.14;8,669859;12,742302;3,943915;66,069847;66,889999
2018.06.15;8,641556;12,449005;3,943107;65,077469;65,059998
2018.06.18;8,594386;12,515078;3,912352;65,206558;65,849998
2018.06.19;8,550389;12,521523;3,909923;65,109734;65,07
2018.06.20;8,550389;12,436112;3,904258;64,908035;66,220001
2018.06.21;8,493004;12,216946;3,814422;64,294853;65,540001
2018.06.22;8,559955;12,598876;3,84113;65,658356;68,580002
2018.06.25;8,512134;12,313637;3,789332;64,335205;68,080002
2018.06.26;8,43562;12,434501;3,818467;65,061302;70,529999
2018.06.27;8,282592;12,777757;3,862172;65,924622;72,760002
2018.06.28;8,282592;12,819654;3,837083;66,134384;73,449997
2018.06.29;8,349541;12,816432;3,850033;66,747574;74,150002
2018.07.02;8,349541;12,710072;3,83951;65,964973;73,940002
2018.07.03;8,387798;13,017873;3,90183;66,352219;74,139999
2018.07.05;8,406927;13,066218;3,928538;66,408676;72,940002
2018.07.06;8,493004;13,03721;3,953629;66,424843;73,800003
2018.07.09;8,607777;13,146793;3,92773;66,884727;73,849998
2018.07.10;8,579082;13,319228;3,922063;67,49791;74,110001
2018.07.11;8,473876;13,095225;3,893736;66,634605;70,379997
2018.07.12;8,579082;13,101672;3,936631;66,715302;70,330002
2018.07.13;8,53126;13,117786;3,943107;67,21553;71,010002
2018.07.16;8,493004;12,935684;3,922873;66,55394;68,059998
2018.07.17;8,493004;13,003368;3,949581;66,408676;68,080002
2018.07.18;8,512134;13,001757;3,969815;66,33609;68,760002
2018.07.19;8,512134;12,956634;3,968195;66,166664;69,459999
2018.07.20;8,559955;12,96147;3,970623;65,6745;70,459999
2018.07.23;8,550389;12,996921;3,931534;65,6745;67,889999
2018.07.24;8,655595;13,083945;3,901591;66,973465;68,519997
2018.07.25;8,799059;13,075887;3,878303;67,441429;69,300003
2018.07.26;8,684288;13,141958;3,890779;67,965851;69,610001
2018.07.27;8,703417;13,053327;3,922385;66,094048;68,690002
2018.07.30;8,722544;13,122621;3,911573;65,948822;70,129997
2018.07.31;8,712981;13,266047;3,967297;65,76326;68,760002
2018.08.01;8,66516;13,167743;3,813429;64,859619;67,660004
2018.08.02;8,626905;13,056548;3,738574;64,472359;68,959999
2018.08.03;8,579082;13,056548;3,764358;64,706345;68,489998
2018.08.06;8,550389;13,127456;3,76519;64,690193;69,010002
2018.08.07;8,540826;13,383687;3,814261;65,569633;69,169998
2018.08.08;8,540826;13,295053;3,812598;65,133942;66,940002
2018.08.09;8,521697;13,203197;3,795132;64,803139;66,809998
2018.08.10;8,359107;12,85672;3,716949;64,73793;67,629997
2018.08.13;8,273028;12,858332;3,69782;64,036926;67,199997
2018.08.14;8,13913;12,984031;3,724436;63,833122;67,040001
2018.08.15;8,014795;12,984031;3,724436;62,716412;65,010002
2018.08.16;8,110435;12,821266;3,685344;63,580429;65,459999
2018.08.17;8,158257;12,75036;3,680355;63,792381;65,910004
2018.08.20;8,273028;12,901841;3,667878;64,2407;66,43
2018.08.21;8,359107;13,032376;3,706969;64,257004;67,349998
2018.08.22;8,339978;13,150017;3,691167;65,178108;67,860001
2018.08.23;8,234771;13,080722;3,648749;64,460777;67,830002
2018.08.24;8,311284;13,214478;3,66372;64,900963;68,720001
2018.08.27;8,387798;13,24026;3,649581;65,536774;68,870003
2018.08.28;8,349541;13,146793;3,622966;65,43895;68,529999
2018.08.29;8,397363;13,2177;3,635441;65,911728;69,510002
2018.08.30;8,273028;13,053327;3,583875;65,626434;70,25
2018.08.31;8,339978;12,876057;3,543121;65,349297;69,800003
2018.09.04;8,215644;12,992088;3,568904;65,447098;69,870003
2018.09.05;8,167823;12,859942;3,568072;66,319283;68,720001
2018.09.06;8,167823;12,751971;3,641263;65,585678;67,769997
2018.09.07;8,12;12,671394;3,661225;66,702408;67,75
2018.09.10;8,12;12,771309;3,792636;66,604599;67,540001
2018.09.11;8,148694;12,795482;3,814261;67,542007;69,25
2018.09.12;8,167823;12,906676;3,790972;67,762085;70,370003
2018.09.13;8,12;12,882504;3,764358;67,101822;68,589996
2018.09.14;8,100872;12,880893;3,757704;67,590912;68,989998
2018.09.17;8,12;12,998533;3,791804;67,990326;68,910004
2018.09.18;8,215644;13,03721;3,783488;68,169662;69,849998
2018.09.19;8,244336;13,075887;3,754377;68,984779;71,120003
2018.09.20;8,330414;13,16452;3,782655;69,139656;70,800003
2018.09.21;8,359107;13,141958;3,853352;69,424957;70,779999
2018.09.24;8,282592;13,361956;3,800954;70,590599;72,080002
2018.09.25;8,244336;13,686164;3,825074;70,509079;72,279999
2018.09.26;8,244336;13,725863;3,835054;69,922188;71,57
2018.09.27;8,234771;13,67293;3,80927;69,914032;72,120003
2018.09.28;8,225207;13,466164;3,669542;69,302681;73,25
2018.10.01;8,206079;13,497594;3,64459;69,946632;75,300003
2018.10.02;8,273028;13,515788;3,667047;70,476486;75,230003
2018.10.03;8,234771;13,543909;3,7602;70,223778;76,410004
2018.10.04;8,12;13,462857;3,709465;69,759171;74,330002
2018.10.05;8,062617;13,454587;3,678691;69,563515;74,339996
2018.10.08;8,129564;13,105567;3,640432;70,207489;74,290001
2018.10.09;8,13913;13,449625;3,667047;70,517235;74,959999
2018.10.10;7,89046;13,360301;3,6396;68,895103;73,169998
2018.10.11;7,794818;12,993089;3,614649;66,514931;70,970001
2018.10.12;7,938282;12,918653;3,566409;66,335587;71,339996
2018.10.15;7,909589;13,036096;3,583875;65,879128;71,779999
2018.10.16;8,07218;13,093989;3,704474;66,188858;71,919998
2018.10.17;8,053052;12,888879;3,671206;66,433411;69,75
2018.10.18;7,966974;12,647377;3,628788;66,718712;68,650002
2018.10.19;7,995667;12,728431;3,684512;66,816528;69,120003
2018.10.22;8,005231;12,549786;3,690335;66,148125;69,169998
2018.10.23;7,852202;12,364524;3,66871;65,080299;66,43
2018.10.24;7,670484;12,175956;3,642927;63,270706;66,82
2018.10.25;7,785254;12,384374;3,690335;63,833122;67,330002
2018.10.26;7,727869;12,516702;3,642927;63,197334;67,589996
2018.10.29;7,565278;12,705274;3,659561;62,806084;67,040001
2018.10.30;7,670484;12,725122;3,648749;64,216248;66,18
2018.10.31;7,756561;12,98978;3,604668;64,949875;65,309998
2018.11.01;7,976539;12,758204;3,642095;65,756851;63,689999
2018.11.02;7,976539;12,703617;3,665383;66,800224;63,139999
2018.11.05;8,09131;12,779708;3,685344;66,547531;63,099998
2018.11.06;8,177387;12,685423;3,674533;66,832832;62,209999
2018.11.07;8,406927;12,930232;3,738574;67,680557;61,669998
2018.11.08;8,349541;12,880609;3,717781;66,604599;60,669998
2018.11.09;8,273028;12,783017;3,728594;66,588135;60,189999
2018.11.12;8,244336;12,809482;3,709465;65,731796;59,93
2018.11.13;8,244336;12,528282;3,717781;64,224968;55,689999
2018.11.14;8,225207;12,344674;3,737743;63,722698;56,25
2018.11.15;8,282592;12,386028;3,702811;64,381424;56,459999
2018.11.16;8,339978;12,323171;3,742733;65,015442;56,459999
2018.11.19;8,2539;12,174301;3,7943;65,229515;56,759998
2018.11.20;8,12;11,952649;3,824242;63,376892;53,43
2018.11.21;8,273028;12,098211;3,874976;63,862671;54,630001
2018.11.23;8,263464;11,628442;3,913235;62,158249;50,419998
2018.11.26;8,320849;11,823627;3,954822;63,385117;51,630001
2018.11.27;8,464313;11,739267;3,962307;63,442757;51,560001
2018.11.28;8,636469;11,706186;3,975614;64,59549;50,290001
2018.11.29;8,607777;11,757463;3,957317;65,097771;51,450001
2018.11.30;8,598212;11,782276;3,983931;65,460068;50,93
2018.12.03;8,693852;12,002272;4,003892;66,876312;52,950001
2018.12.04;8,579082;11,921221;3,990585;65,402435;53,25
2018.12.06;8,540826;11,441526;3,948167;64,546112;51,490002
2018.12.07;8,339978;11,673103;3,949;63,928551;52,610001
2018.12.10;8,349541;11,529195;3,944009;63,022812;51
2018.12.11;8,349541;11,633404;3,998071;63,138092;51,650002
2018.12.12;8,473876;11,774004;4,101205;62,594654;51,150002
2018.12.13;8,36867;11,795507;4,175227;63,385117;52,580002
2018.12.14;8,378234;11,701221;4,173563;62,232357;51,200001
2018.12.17;8,177387;11,545735;4,170237;60,964333;49,880001
2018.12.18;8,133812;11,424986;4,168573;59,284592;46,240002
2018.12.19;8,036982;11,537465;4,261725;58,28006;47,200001
2018.12.20;7,949833;11,43491;4,281687;56,509743;45,880001
2018.12.21;7,775537;11,391903;4,313292;56,089821;45,59
2018.12.24;7,756171;11,391903;4,313292;53,940754;42,529999
2018.12.26;7,988564;11,391903;4,313292;56,517979;46,220001
2018.12.27;7,949833;11,18183;4,198515;56,764999;44,610001
2018.12.28;7,9692;11,3704;4,195188;56,130985;45,330002
2018.12.31;7,998249;11,3704;4,195188;56,147453;45,41
2019.01.02;8,056347;11,396865;4,228457;57,382557;46,540001
2019.01.03;7,988564;11,446488;4,23012;56,501522;47,09
2019.01.04;8,230642;11,860019;4,288341;58,584709;47,959999
2019.01.07;8,298425;11,755809;4,286677;58,889362;48,52
2019.01.08;8,395256;11,683028;4,304975;59,317524;49,779999
2019.01.09;8,463037;11,790545;4,294994;59,630417;52,360001
2019.01.10;8,55987;11,778967;4,366522;59,325764;52,59
2019.01.11;8,608286;11,719419;4,324936;59,054047;51,59
2019.01.14;8,569552;11,678065;4,333253;58,979946;50,509998
2019.01.15;8,521136;11,785583;4,34157;59,012875;52,110001
2019.01.16;8,550187;11,810394;4,339907;58,988174;52,310001
2019.01.17;8,676066;11,759118;4,358204;59,391632;52,07
2019.01.18;8,666384;12,08167;4,414762;60,099754;53,799999
2019.01.22;8,55987;11,972499;4,419887;59,194008;52,57
2019.01.23;8,666384;11,840168;4,385717;58,708225;52,619999
2019.01.24;8,860044;11,922875;4,425013;58,790558;53,130001
2019.01.25;8,918144;12,051895;4,435264;59,054047;53,689999
2019.01.28;8,869729;11,936108;4,411345;58,658802;51,990002
2019.01.29;8,966559;12,010543;4,477976;58,881126;53,310001
2019.01.30;9,024658;12,111444;4,471142;59,52338;54,23
2019.01.31;9,189272;12,245428;4,498478;60,338539;53,790001
2019.02.01;9,198955;12,217308;4,416471;62,512306;55,259998
2019.02.04;9,189272;12,228887;4,42843;61,606567;54,560001
2019.02.05;9,257054;12,356253;4,419887;62,240582;53,66
2019.02.06;9,198955;12,290089;4,42843;61,968864;54,009998
2019.02.07;9,102124;12,020467;4,384008;61,491295;52,639999
2019.02.08;9,082758;12,005579;4,358381;61,591209;52,720001
2019.02.11;9,160222;12,116405;4,390842;61,691101;52,41
2019.02.12;9,237687;12,204075;4,440389;62,773403;53,099998
2019.02.13;9,24737;12,28678;4,455766;63,48106;53,900002
2019.02.14;9,334518;12,223924;4,452348;63,497704;54,41
2019.02.15;9,295786;12,505124;4,472851;64,696556;55,59
2019.02.19;9,363568;12,569635;4,464308;65,129501;56,09
2019.02.20;9,315153;12,614296;4,469434;65,37925;56,919998
2019.02.21;9,373251;12,629183;4,481393;64,788155;56,959999
2019.02.22;9,4604;12,64407;4,508729;65,287666;57,259998
2019.02.25;9,499132;12,581213;4,498478;65,354279;55,48
2019.02.26;9,518497;12,57956;4,537774;65,487488;55,5
2019.02.27;9,450716;12,589484;4,527523;66,161835;56,939999
2019.02.28;9,392618;12,543168;4,544609;65,795525;57,220001
2019.03.01;9,382934;12,437305;4,539482;66,603073;55,799999
2019.03.04;9,4023;12,496854;4,53094;66,86116;56,59
2019.03.05;9,470081;12,558055;4,551442;66,761269;56,560001
2019.03.06;9,344201;12,637453;4,611239;66,003654;56,220001
2019.03.07;9,208638;12,637453;4,700081;66,73629;56,66
2019.03.08;9,198955;12,379412;4,684705;65,77887;56,07
2019.03.11;9,411983;12,506778;4,664203;66,419922;56,790001
2019.03.12;9,489448;12,541514;4,696664;66,603073;56,869999
2019.03.13;9,566912;12,855797;4,686414;67,194183;58,259998
2019.03.14;9,518497;12,850835;4,688121;66,969398;58,610001
2019.03.15;9,518497;12,892187;4,672745;66,727959;58,52
2019.03.18;9,615328;13,021209;4,696664;67,502235;59,09
2019.03.19;9,566912;13,141959;4,715457;67,3274;59,029999
2019.03.20;9,634694;13,047674;4,73596;67,702042;59,830002
2019.03.21;9,518497;13,092336;4,766713;68,093323;59,98
2019.03.22;9,334518;12,984818;4,812841;67,002693;59,040001
2019.03.25;9,315153;12,921961;4,800883;66,536484;58,82
2019.03.26;9,382934;12,915345;4,870931;67,402321;59,939999
2019.03.27;9,295786;12,893842;4,881183;66,886154;59,41
2019.03.28;9,411983;12,802864;4,857263;67,21917;59,299999
2019.03.29;9,450716;13,02948;4,87264;67,269119;60,139999
2019.04.01;9,537865;13,092336;4,833344;68,043373;61,59
2019.04.02;9,576597;13,059252;4,835907;67,751984;62,580002
2019.04.03;9,586278;13,153538;4,876057;67,352364;62,459999
2019.04.04;9,663743;13,031134;4,864951;68,309792;62,099998
2019.04.05;9,779943;13,107222;4,864097;68,676102;63,080002
2019.04.08;9,770258;13,079103;4,848721;69,1007;64,400002
2019.04.09;9,702477;13,140306;4,835052;68,209885;63,98
2019.04.10;9,818673;13,183311;4,848721;67,901855;64,610001
2019.04.11;9,721842;13,170078;4,820531;68,226532;63,580002
2019.04.12;9,702477;13,080756;4,79234;67,369019;63,889999
2019.04.15;9,770258;12,960006;4,767567;67,144234;63,400002
2019.04.16;9,760575;12,758204;4,678725;67,602135;64,050003
2019.04.17;9,80899;12,761512;4,716311;67,793625;63,759998
2019.04.18;9,779943;12,763165;4,719729;67,543846;64
2019.04.22;9,779943;12,763165;4,719729;69,017456;65,699997
2019.04.23;9,867088;13,06587;4,714603;69,417061;66,300003
2019.04.24;9,818673;12,860759;4,70179;68,068359;65,889999
2019.04.25;9,779943;12,824368;4,730834;68,451317;65,209999
2019.04.26;9,799306;12,688731;4,770983;67,011017;63,299999
2019.04.29;9,799306;12,486929;4,743648;66,578117;63,5
2019.04.30;9,838038;12,586176;4,817113;66,836189;63,91
2019.05.01;9,799306;12,586176;4,817113;65,495804;63,599998
2019.05.02;9,750893;12,433997;4,76415;64,346901;61,810001
2019.05.03;9,896137;12,478659;4,779526;64,496758;61,939999
2019.05.06;9,741209;12,300014;4,750482;64,213699;62,25
2019.05.07;9,799306;11,984076;4,785506;63,87236;61,400002
2019.05.08;9,760575;11,975807;4,763296;63,972263;62,119999
2019.05.09;9,683109;11,846786;4,714603;63,913975;61,700001
2019.05.10;9,760575;11,798816;4,741939;64,469772;61,66
2019.05.13;9,489448;11,927836;4,704352;63,754005;61,040001
2019.05.14;9,595963;12,078362;4,762441;63,838192;61,779999
2019.05.15;9,615328;12,007234;4,761588;64,309769;62,02
2019.05.16;9,692792;12,199112;4,775256;64,301346;62,869999
2019.05.17;9,566912;12,273547;4,808571;63,922417;62,759998
2019.05.20;9,537865;12,26164;4,86068;63,91399;63,099998
2019.05.21;9,663743;12,367109;4,929873;64,208717;62,990002
2019.05.22;9,721842;12,263341;4,922186;63,627674;61,419998
2019.05.23;9,537865;11,839764;4,852138;62,137196;57,91
2019.05.24;9,586278;11,953737;4,945251;62,398235;58,630001
2019.05.28;9,721842;11,929922;4,929873;61,143547;59,139999
2019.05.29;9,644378;11,68156;4,817113;60,764603;58,810001
2019.05.30;9,721842;11,645836;4,747065;60,604607;56,59
2019.05.31;9,673427;11,550573;4,75817;59,594105;53,5
2019.06.03;9,828356;11,754707;4,795757;60,528812;53,25
2019.06.04;9,944554;11,923119;4,876911;61,968784;53,48
2019.06.05;9,925188;11,795534;4,891433;61,455112;51,68
2019.06.06;9,905821;11,822751;4,959774;62,575081;52,59
2019.06.07;10,080115;11,873785;5,032384;62,802441;53,990002
2019.06.10;10,080115;11,907808;4,978567;63,08033;53,259998
2019.06.11;10,118849;11,946933;4,995652;63,021385;53,27
2019.06.12;10,060751;11,754707;5,031529;62,339298;51,139999
2019.06.13;10,167265;11,826155;5,117809;62,886646;52,279999
2019.06.14;10,089802;11,860177;5,185295;62,608757;52,509998
2019.06.17;10,039068;11,797235;5,193837;63,231899;51,93
2019.06.18;10,214679;12,040494;5,327955;63,779251;53,900002
2019.06.19;10,243948;12,096632;5,27072;63,425575;53,759998
2019.06.20;10,390288;12,212306;5,287805;64,511864;56,650002
2019.06.21;10,351264;12,423245;5,323683;65,42131;57,43
2019.06.24;10,351264;12,351797;5,317703;64,798172;57,900002
2019.06.25;10,243948;12,282053;5,297202;64,225555;57,830002
2019.06.26;10,26346;12,33989;5,189566;64,503441;59,380001
2019.06.27;10,351264;12,304168;5,197254;63,846619;59,43
2019.06.28;10,380535;12,423245;5,245092;64,528702;58,470001
2019.07.01;10,458584;12,452165;5,233133;64,469772;59,09
2019.07.02;10,487852;12,331385;5,347602;63,762424;56,25
2019.07.03;10,585413;12,390924;5,47403;64,368729;57,34
2019.07.05;10,585413;12,375615;5,467197;64,107666;57,509998
2019.07.08;10,575657;12,464072;5,47574;64,402405;57,66
2019.07.09;10,575657;12,375615;5,474885;64,360291;57,830002
2019.07.10;10,585413;12,508302;5,489408;65,269745;60,43
2019.07.11;10,5659;12,588254;5,561165;65,320251;60,200001
2019.07.12;10,51712;12,610369;5,510764;65,370781;60,209999
2019.07.15;10,487852;12,513403;5,545788;64,907646;59,580002
2019.07.16;10,478095;12,474279;5,510764;63,939243;57,619999
2019.07.17;10,51712;12,259938;5,563728;63,560314;56,779999
2019.07.18;10,585413;12,162975;5,603024;63,021385;55,299999
2019.07.19;10,546388;12,09493;5,371521;63,147694;55,630001
2019.07.22;10,575657;12,176584;5,480734;63,215054;56,220001
2019.07.23;10,497608;12,239525;5,481608;63,467682;56,77
2019.07.24;10,51712;12,259938;5,530535;63,459267;55,880001
2019.07.25;10,458584;12,205503;5,458018;63,097168;56,02
2019.07.26;10,478095;12,195296;5,425691;62,996109;56,200001
2019.07.29;10,487852;12,118746;5,457144;63,442417;56,869999
2019.07.30;10,370778;11,987761;5,389869;63,450832;58,049999
2019.07.31;10,468338;12,081322;5,41608;62,61718;58,580002
2019.08.01;10,487852;11,989461;5,451902;61,01722;53,950001
2019.08.02;10,507364;11,63563;5,415206;60,41935;55,66
2019.08.05;10,126874;11,465516;5,350553;59,181492;54,689999
2019.08.06;10,26346;11,383864;5,359289;59,754105;53,630001
2019.08.07;10,526876;11,222259;5,359289;59,366756;51,09
2019.08.08;10,721998;11,426392;5,364531;60,949863;52,540001
2019.08.09;10,673218;11,220556;5,273667;59,653049;54,5
2019.08.12;10,585413;11,201845;5,298131;59,36319;54,93
2019.08.13;10,692732;11,414484;5,310362;60,096382;57,099998
2019.08.14;10,419559;11,144006;5,250076;57,67514;55,23
2019.08.15;10,361021;11,144006;5,250076;57,334114;54,470001
2019.08.16;10,51712;11,091271;5,491218;58,22929;54,869999
2019.08.19;10,643949;11,290303;5,555873;59,209721;56,209999
2019.08.20;10,643949;11,17973;5,448407;58,85165;56,34
2019.08.21;10,800048;11,354945;5,520051;59,439915;55,68
2019.08.22;10,682975;11,322625;5,490345;59,312031;55,349998
2019.08.23;10,429313;11,178029;5,437048;57,538719;54,169998
2019.08.26;10,634194;11,24267;5,530535;57,845646;53,639999
2019.08.27;10,556144;11,314117;5,678191;57,282951;54,93
2019.08.28;10,5659;11,397471;5,679938;57,700703;55,779999
2019.08.29;10,634194;11,582895;5,794394;58,340118;56,709999
2019.08.30;10,604925;11,63563;5,761192;58,382755;55,099998
2019.09.03;10,673218;11,569286;5,837204;58,450951;53,939999
2019.09.04;10,829318;11,627123;5,887005;59,073322;56,259998
2019.09.05;10,829318;11,795534;5,823226;59,908813;56,299999
2019.09.06;10,731755;11,712179;5,783909;60,471504;56,52
2019.09.09;10,702488;11,841464;5,718381;60,948933;57,849998
2019.09.10;10,634194;11,994565;5,670328;61,443409;57,400002
2019.09.11;10,780535;11,970749;5,62839;61,324047;55,75
2019.09.12;10,731755;11,822751;5,777793;61,36668;55,09
2019.09.13;10,751267;11,945231;5,759445;61,929363;54,849998
2019.09.16;10,809805;12,174882;5,663338;62,858646;62,900002
2019.09.17;10,926877;12,037093;5,693918;62,381218;59,34
2019.09.18;10,926877;12,18339;5,810121;62,082821;58,110001
2019.09.19;11,112246;12,259938;5,779541;61,665081;58,130001
2019.09.20;11,102488;12,377316;5,745467;61,451942;58,09
2019.09.23;11,063464;12,393091;5,828468;61,494564;58,639999
2019.09.24;10,956147;12,266881;5,913217;60,650543;57,290001
2019.09.25;10,897609;12,149436;5,880016;60,829567;56,490002
2019.09.26;10,800048;12,212541;5,969133;60,505615;56,41
2019.09.27;10,5659;12,317716;5,928943;60,940407;55,91
2019.09.30;10,634194;12,300188;5,985734;60,198696;54,07
2019.10.01;10,595169;12,252857;5,956028;58,783443;53,619999
2019.10.02;10,419559;11,88124;5,82672;57,248852;52,639999
2019.10.03;10,536632;11,751525;5,800509;57,956478;52,450001
2019.10.04;10,780535;11,870723;5,900986;58,800503;52,810001
2019.10.07;10,721998;11,965381;5,980492;57,990578;52,75
2019.10.08;10,634194;11,861959;5,916712;56,865208;52,630001
2019.10.09;10,712241;11,919806;5,954281;57,496098;52,59
2019.10.10;10,721998;11,991674;5,912344;58,186661;53,549999
2019.10.11;10,770779;12,126649;5,941176;58,809032;54,700001
2019.10.14;10,731755;12,046015;5,922827;58,979546;53,59
2019.10.15;10,614682;12,128402;5,974376;59,184147;52,810001
2019.10.16;10,5659;12,109119;5,945543;58,169617;53,360001
2019.10.17;10,634194;12,046015;5,914964;58,09288;53,93
2019.10.18;10,682975;12,077567;5,913217;57,641037;53,779999
2019.10.21;10,809805;12,128402;5,965639;58,604424;53,310001
2019.10.22;10,653706;12,230071;5,974376;58,902805;54,16
2019.10.23;10,624438;12,333492;5,893122;59,465488;55,970001
2019.10.24;10,634194;12,391337;5,987481;58,902805;56,23
2019.10.25;10,5659;12,305446;6,011071;59,039215;56,66
2019.10.28;10,614682;12,216046;5,997092;58,519161;55,810001
2019.10.29;10,585413;12,119637;6,004082;58,348656;55,540001
2019.10.30;10,400045;12,005696;6,031167;57,73481;55,060001
2019.10.31;10,400045;11,893511;6,063493;57,606926;54,18
2019.11.01;10,439071;12,010957;6,055631;59,337616;56,200001
2019.11.04;10,380535;12,247599;6,087957;61,10239;56,540001
2019.11.05;10,370778;12,443926;6,037282;62,313019;57,23
2019.11.06;10,312242;12,414125;6,027672;60,948933;56,349998
2019.11.07;10,292729;12,424643;5,899238;62,244816;57,150002
2019.11.08;10,331753;12,436914;5,99884;61,062733;57,240002
2019.11.11;10,439071;12,389585;5,993598;60,6917;56,860001
2019.11.12;10,351264;12,493007;6,101063;59,854759;56,799999
2019.11.13;10,34151;12,429902;6,054757;59,362949;57,119999
2019.11.14;10,429313;12,389585;6,006703;59,104099;56,77
2019.11.15;10,487852;12,463207;5,995345;59,699451;57,720001
2019.11.18;10,409802;12,366797;6,026798;59,121357;57,049999
2019.11.19;10,429313;12,244095;5,967386;58,517368;55,209999
2019.11.20;10,331753;12,280905;5,94467;58,698563;57,110001
2019.11.21;10,351264;12,307198;5,919333;60,113605;58,580002
2019.11.22;10,34151;12,266881;5,89749;59,854759;57,77
2019.11.25;10,536632;12,312457;5,976124;59,457863;58,009998
2019.11.26;10,575657;12,210789;6,027672;59,311172;58,41
2019.11.27;10,712241;12,173977;6,031167;59,276657;58,110001
2019.11.29;10,741511;12,01972;5,990102;58,78484;55,169998
2019.12.02;10,741511;11,895263;5,770803;59,035065;55,959999
2019.12.03;10,819561;11,81463;5,83371;58,569138;56,099998
2019.12.04;10,887853;11,965381;5,880016;59,233524;58,43
2019.12.05;10,848828;11,958369;5,8739;59,02644;58,43
2019.12.06;10,946391;12,068803;5,919333;59,975563;59,200001
2019.12.09;10,897609;11,942595;5,83371;60,10498;59,02
2019.12.10;10,819561;11,977652;5,880889;59,587284;59,240002
2019.12.11;10,975658;11,912794;5,945543;59,500996;58,759998
2019.12.12;11,053709;11,963628;5,981366;60,6917;59,18
2019.12.13;11,102488;11,923311;6,050388;59,733955;60,07
2019.12.16;11,330473;11,940839;6,063493;60,398354;60,209999
2019.12.17;11,379608;12,009203;6,124653;60,122242;60,939999
2019.12.18;11,359955;12,110872;6,100189;60,286182;60,93
2019.12.19;11,379608;12,135413;6,11679;59,872017;61,220001
2019.12.20;11,428741;12,247599;6,295898;60,346577;60,439999
2019.12.23;11,507358;12,28441;6,268814;60,648567;60,52
2019.12.24;11,536839;12,28441;6,268814;60,415604;61,110001
2019.12.26;11,605628;12,28441;6,268814;60,510513;61,68
2019.12.27;11,566319;12,270388;6,236487;60,303429;61,720001
2019.12.30;11,507358;12,135413;6,178823;59,949669;61,68
2019.12.31;11,546665;12,135413;6,178823;60,208519;61,060001
2020.01.02;11,723552;12,277399;6,301141;61,174896;61,18
2020.01.03;11,664589;12,363291;6,300267;60,683086;63,049999
2020.01.06;11,635107;12,547348;6,313372;61,149014;63,27
2020.01.07;11,605628;12,550853;6,316868;60,648567;62,700001
2020.01.08;11,703897;12,450937;6,351815;59,733955;59,610001
2020.01.09;11,723552;12,393091;6,382394;60,191265;59,560001
2020.01.10;11,743204;12,358033;6,48025;59,656303;59,040001
2020.01.13;11,920091;12,305446;6,465397;60,225773;58,080002
2020.01.14;12,018359;12,159954;6,465397;59,708076;58,23
2020.01.15;12,038013;12,093344;6,483745;59,613167;57,810001
2020.01.16;12,136283;12,172223;6,649748;59,380203;58,52
2020.01.17;12,27386;12,196765;6,74935;59,155857;58,540001
2020.01.21;12,214899;12,01972;6,789498;58,310299;58,34
2020.01.22;12,175591;11,882994;6,732398;57,973785;56,740002
2020.01.23;12,20507;11,795348;6,798419;57,611389;55,59
2020.01.24;12,214899;11,805865;6,975964;57,223122;54,189999
2020.01.27;11,929917;11,565716;6,846597;55,85984;53,139999
2020.01.28;12,165763;11,742761;7,047338;55,782192;53,48
2020.01.29;12,224725;11,646351;7,145478;55,31625;53,330002
2020.01.30;12,096974;11,329073;7,215961;55,902988;52,139999
2020.01.31;11,910263;11,094183;7,008082;53,599216;51,560001
2020.02.03;12,067494;11,052113;7,107114;52,399876;50,110001
2020.02.04;12,480227;11,208121;7,137448;51,744129;49,610001
2020.02.05;12,637458;11,418472;7,199901;54,125542;50,75
2020.02.06;12,676765;11,367638;7,253432;53,392136;50,950001
2020.02.07;12,539188;11,311544;7,295364;53,03838;50,32
2020.02.10;12,578497;11,201111;7,315884;52,478237;49,57
2020.02.11;12,902786;11,329073;7,309639;52,977108;49,939999
2020.02.12;13,187766;11,481577;7,255216;53,624767;51,169998
2020.02.13;13,118979;11,383414;7,32213;53,327198;51,419998
2020.02.14;13,109151;11,299274;7,384583;53,082138;52,049999
2020.02.18;13,158286;11,31505;7,554097;52,408218;52,049999
2020.02.19;13,895308;11,33959;7,642423;52,810818;53,290001
2020.02.20;13,993576;11,306285;7,523763;52,390709;53,779999
2020.02.21;13,865825;11,187088;7,533577;51,751801;53,380001
2020.02.24;13,374477;10,664719;7,164214;49,327438;51,43
2020.02.25;13,010883;10,49644;6,963473;47,436966;49,900002
2020.02.26;12,833998;10,573567;7,0973;46,395451;48,73
2020.02.27;12,342649;10,305372;7,062506;43,603497;47,09
2020.02.28;12,342649;9,779499;6,759164;45,021355;44,759998
2020.03.02;12,470401;9,744441;6,816263;47,156895;46,75
2020.03.03;12,568669;9,746193;6,952767;44,898823;47,18
2020.03.04;13,05019;9,77424;7,351572;45,879063;46,779999
2020.03.05;12,912612;9,612972;7,266815;43,857315;45,900002
2020.03.06;12,519533;8,969653;7,0402;41,739273;41,279999
2020.03.09;11,104454;7,099296;6,339839;36,636738;31,129999
2020.03.10;11,359955;7,156265;5,981182;37,993328;34,360001
2020.03.11;10,662241;7,055473;5,817021;36,741772;32,98
2020.03.12;9,296295;5,7776;4,662539;32,540703;31,5
2020.03.13;9,787642;6,057189;5,013165;33,363415;31,73
2020.03.16;8,628061;5,689954;4,894505;30,186369;28,700001
2020.03.17;9,306122;6,017748;5,103276;32,216877;26,950001
2020.03.18;8,352906;5,866998;5,254946;28,987312;20,370001
2020.03.19;8,549447;6,104518;5,201416;30,133848;25,219999
2020.03.20;8,539618;6,391995;5,254054;28,654724;22,43
2020.03.23;8,185848;6,386737;5,328105;27,52569;23,360001
2020.03.24;9,119409;7,340321;5,630554;31,017818;24,01
2020.03.25;9,57145;7,645328;5,62074;32,636978;24,49
2020.03.26;9,92522;7,634811;5,602005;33,976067;22,6
2020.03.27;9,325776;7,20184;5,491374;32,339405;21,51
2020.03.30;9,404391;7,531389;5,697468;32,820786;20,09
2020.03.31;9,384738;8,080928;5,655536;33,232132;20,48
2020.04.01;9,030967;8,063396;5,413754;32,847031;20,309999
2020.04.02;9,109583;8,622577;5,482452;35,358917;25,32
2020.04.03;9,040794;8,172955;5,414647;34,317406;28,34
2020.04.06;9,650063;8,164189;5,477992;35,420185;26,08
2020.04.07;9,836777;8,263229;5,687654;36,094109;23,629999
2020.04.08;10,121758;8,146661;5,607358;38,378429;25,09
2020.04.09;10,328124;8,158054;5,757245;37,748268;22,76
2020.04.13;10,24951;8,158054;5,757245;37,424435;22,41
2020.04.14;10,416568;8,034474;5,751892;37,13562;20,110001
2020.04.15;10,082451;7,521747;5,537767;35,428932;19,870001
2020.04.16;10,062797;7,409561;5,57524;34,264893;19,870001
2020.04.17;10,337952;7,52613;5,539552;37,827038;18,27
2020.04.20;10,200374;7,392032;5,524385;36,041588;-37,630001
2020.04.21;9,846603;6,976592;5,357547;35,849045;10,01
2020.04.22;10,092278;7,316657;5,339704;36,873051;13,78
2020.04.23;10,131586;7,425338;5,287066;38,028343;16,5
2020.04.24;10,01366;7,230764;5,263868;38,273403;16,940001
2020.04.27;10,229854;7,365738;5,415539;38,457195;12,78
2020.04.28;10,43622;7,611145;5,486913;39,358681;12,34
2020.04.29;10,868607;7,850418;5,593975;41,537979;15,06
2020.04.30;10,573799;7,63744;5,563641;40,671509;18,84
2020.05.01;10,210201;7,63744;5,563641;37,757023;19,780001
2020.05.04;10,269162;7,196582;5,359332;39,279903;20,389999
2020.05.05;10,367433;7,613776;5,431598;39,236145;24,559999
2020.05.06;10,475529;7,382391;5,412862;38,500961;23,99
2020.05.07;10,593452;7,49896;5,520816;38,719765;23,549999
2020.05.08;10,937396;7,564692;5,531522;40,417694;24,74
2020.05.11;10,98653;7,564692;5,42446;40,032597;24,139999
2020.05.12;10,898088;7,63744;5,482452;39,363457;25,780001
2020.05.13;10,593452;7,471789;5,379852;37,409554;25,290001
2020.05.14;10,672067;7,462148;5,249593;37,739666;27,559999
2020.05.15;10,60328;7,467408;5,139855;37,472008;29,43
2020.05.18;11,202723;7,990771;5,320968;40,451927;31,82
2020.05.19;11,153589;7,738781;5,386097;39,202858;32,5
2020.05.20;11,340301;7,780318;5,577916;40,478687;33,490002
2020.05.21;11,271513;7,589248;5,647506;39,75602;33,919998
2020.05.22;11,133935;7,544942;5,718881;39,791706;33,25
2020.05.26;11,546665;7,637247;5,813452;40,960468;34,349998
2020.05.27;11,644936;7,799701;5,875904;41,254906;32,810001
2020.05.28;11,497531;7,83847;6,059693;40,184273;33,709999
2020.05.29;11,713724;7,497867;6,156942;40,567909;35,490002
2020.06.01;11,929917;7,698167;6,243483;41,290585;35,439999
2020.06.02;12,028187;8,095999;6,41389;42,209541;36,810001
2020.06.03;12,165763;8,306452;6,694927;43,931473;37,290001
2020.06.04;12,155938;8,274145;6,677975;43,806561;37,41
2020.06.05;12,37213;8,774433;6,760949;47,357487;39,549999
2020.06.08;12,735727;8,920274;6,760056;48,83852;38,189999
2020.06.09;12,509708;8,65444;6,728829;47,75005;38,939999
2020.06.10;12,440918;8,519674;6,702065;45,189457;39,599998
2020.06.11;11,605628;7,92062;6,537011;41,201366;36,34
2020.06.12;11,870955;7,926158;6,55307;42,084637;36,259998
2020.06.15;12,100933;7,919697;6,568237;42,057869;37,119999
2020.06.16;12,278597;8,247377;6,750242;43,003593;38,380001
2020.06.17;12,031839;8,211378;6,695818;41,602852;37,959999
2020.06.18;12,120673;8,155073;6,667269;41,861588;38,84
2020.06.19;12,130543;8,191072;6,780576;41,022926;39,75
2020.06.22;12,239117;8,125536;6,780576;41,415489;40,459999
2020.06.23;12,387171;8,211378;6,968826;41,66531;40,369999
2020.06.24;12,189766;7,820009;6,801989;39,702488;38,009998
2020.06.25;12,179893;7,828316;6,836784;40,300255;38,720001
2020.06.26;11,854177;7,750781;6,815372;38,917355;38,490002
2020.06.29;12,239117;7,961234;6,891207;39,541889;39,700001
2020.06.30;12,357559;7,836624;6,850166;39,898769;39,27
2020.07.01;12,515485;7,822778;6,871579;38,997654;39,82
2020.07.02;12,693148;8,048923;7,090163;39,32777;40,650002
2020.07.06;13,186661;8,084;7,060721;39,604347;40,630001
2020.07.07;13,137309;8,141228;7,115144;38,578323;40,619999
2020.07.08;13,5716;8,028616;7,214177;38,489105;40,900002
2020.07.09;13,403807;7,784934;7,080349;36,901005;39,619999
2020.07.10;13,384066;7,83847;7,164214;38,051937;40,549999
2020.07.13;13,226141;7,99354;7,246294;38,06086;40,099998
2020.07.14;13,601211;8,107075;7,149939;39,318844;40,290001
2020.07.15;13,907189;8,155996;7,288227;39,818474;41,200001
2020.07.16;13,798616;8,210456;7,363171;39,506203;40,75
2020.07.17;14,025633;8,134766;7,51841;38,82814;40,59
2020.07.20;14,28226;8,105229;7,57576;37,918106;40,810001
2020.07.21;14,351351;8,241838;7,583044;39,836319;41,959999
2020.07.22;14,469794;8,036923;7,459239;38,908436;41,900002
2020.07.23;14,509275;7,939081;7,404618;38,988731;41,07
2020.07.24;14,242779;7,864316;7,231656;38,747845;41,290001
2020.07.27;14,529015;7,811702;7,210718;39,318844;41,599998
2020.07.28;14,163816;7,824625;7,191602;38,854904;41,040001
2020.07.29;14,242779;7,762781;7,259876;39,283157;41,27
2020.07.30;14,31187;7,216339;7,043218;37,356022;39,919998
2020.07.31;14,213167;6,960657;7,035935;37,543388;40,27
2020.08.03;14,558626;6,954195;7,151547;37,695057;41,009998
2020.08.04;15,002788;7,254184;7,163381;38,783527;41,700001
2020.08.05;15,387729;7,472945;7,13061;39,122562;42,189999
2020.08.06;15,446948;7,330797;7,036846;38,9352;41,950001
2020.08.07;15,673965;7,205263;7,114223;38,75676;41,220001
2020.08.10;15,733187;7,371411;7,159739;39,711403;41,939999
2020.08.11;15,47656;7,609556;7,249863;40,121819;41,610001
2020.08.12;15,743057;7,728628;7,382771;40,11272;42,669998
2020.08.13;16,009554;7,610478;7,289918;39,130138;42,240002
2020.08.14;15,89111;7,549558;7,177947;39,303005;42,009998
2020.08.17;16,078648;7,476638;7,107851;38,793518;42,889999
2020.08.18;16,137867;7,434178;7,089645;38,602467;42,889999
2020.08.19;16,197088;7,502483;7,159739;38,174858;42,93
2020.08.20;16,088514;7,324336;7,059604;37,592598;42,580002
2020.08.21;16,078648;7,267107;7,037756;37,310562;42,34
2020.08.24;16,276052;7,560634;7,160651;38,411407;42,619999
2020.08.25;16,651121;7,456331;7,10421;37,192287;43,349998
2020.08.26;16,651121;7,476638;7,098748;36,400764;43,389999
2020.08.27;16,601768;7,371411;6,933978;36,155125;43,040001
2020.08.28;16,976839;7,349257;6,954916;37,019424;42,970001
2020.08.31;16,917616;7,199725;6,908489;36,337078;42,610001
2020.09.01;17,193987;7,177572;6,831111;35,873093;42,759998
2020.09.02;17,124893;7,085268;6,962198;35,654736;41,509998
2020.09.03;16,058907;7,103729;6,900296;35,581955;41,369999
2020.09.04;15,89111;7,056653;6,747361;35,554665;39,77
2020.09.08;15,802278;6,94035;6,802891;34,735847;36,759998
2020.09.09;16,355013;7,040961;6,96493;34,526604;38,049999
2020.09.10;15,989815;7,039115;6,922144;33,662292;37,299999
2020.09.11;15,979945;7,014194;6,973122;33,571316;37,330002
2020.09.14;16,424105;6,900659;6,883;33,352966;37,259998
2020.09.15;16,73995;7,026193;6,944902;32,99815;38,279999
2020.09.16;16,838654;7,062192;6,895744;34,399223;40,16
2020.09.17;16,522804;7,009578;6,71823;34,390121;40,970001
2020.09.18;16,503067;6,819432;6,754643;33,835155;41,110001
2020.09.21;16,364883;6,521058;6,60808;33,143715;39,310001
2020.09.22;16,453714;6,620516;6,664521;32,324898;39,599998
2020.09.23;16,305662;6,500416;6,791056;31,287735;39,93
2020.09.24;16,2267;6,391575;6,709127;31,224054;40,310001
2020.09.25;16,582029;6,276167;6,677265;31,515184;40,25
2020.09.28;17,332169;6,436613;6,780132;32,124748;40,599998
2020.09.29;17,746717;6,253648;6,82747;31,187656;39,290001
2020.09.30;18,250103;6,275229;6,752823;31,233154;40,220001
2020.10.01;18,842316;6,063177;6,798339;30,141399;38,720001
2020.10.02;18,832447;6,096016;6,798339;30,004932;37,049999
2020.10.05;19,69116;6,277105;6,730975;30,696373;39,220001
2020.10.06;19,829344;6,491033;6,703665;30,377945;40,669998
2020.10.07;20,816368;6,314636;6,914862;30,478024;39,950001
2020.10.08;20,796627;6,46007;6,870255;32,079258;41,189999
2020.10.09;21,122345;6,438489;6,849318;31,606165;40,599998
2020.10.12;20,688055;6,398143;6,997701;31,506086;39,43
2020.10.13;20,618963;6,273352;7,020459;31,133078;40,200001
2020.10.14;20,865717;6,284611;7,036846;31,069389;41,040001
2020.10.15;20,707796;6,021893;6,793787;31,342327;40,959999
2020.10.16;20,618963;6,157943;6,852049;31,023899;40,880001
2020.10.19;20,46104;6,179524;6,79925;30,405241;40,830002
2020.10.20;20,875587;6,157005;6,902117;30,659983;41,459999
2020.10.21;19,967524;5,948706;6,841125;30,168695;40,029999
2020.10.22;19,898434;5,949645;6,781953;31,715342;40,639999
2020.10.23;19,957655;6,046287;6,890282;31,078487;39,849998
2020.10.26;19,543104;5,85957;6,82747;30,341551;38,560001
2020.10.27;19,395052;5,723519;6,731885;29,859365;39,57
2020.10.28;19,098944;5,521789;6,326788;28,722124;37,389999
2020.10.29;19,493753;5,552752;6,314954;29,995832;36,169998
2020.10.30;19,306217;5,640012;6,221191;29,677402;35,790001
2020.11.02;19,651676;5,969348;6,35956;30,923822;36,810001
2020.11.03;19,888563;6,111967;6,569847;30,396141;37,66
2020.11.04;19,631935;6,189845;6,707306;30,23238;39,150002
2020.11.05;21,013773;6,188906;6,928516;30,177792;38,790001
2020.11.06;21,171698;6,138239;7,020459;29,822971;37,139999
2020.11.09;21,211176;6,922643;7,329061;33,59861;40,290001
2020.11.10;20,89533;7,204127;7,325419;34,343998;41,360001
2020.11.11;21,566507;7,123435;7,475624;33,989937;41,450001
2020.11.12;21,319752;7,14783;7,355461;32,82526;41,119999
2020.11.13;21,418455;7,187238;7,300842;33,617241;40,130001
2020.11.16;21,527027;7,476229;7,363653;35,555264;41,34
2020.11.17;21,566507;7,586946;7,384592;36,030449;41,43
2020.11.18;21,250662;7,688281;7,393695;34,670113;41,82
2020.11.19;21,556637;7,578501;7,431928;34,847141;41,740002
2020.11.20;21,803392;7,623539;7,494741;34,418541;42,150002
2020.11.23;22,217945;7,815886;7,355461;36,673355;43,060001
2020.11.24;22,523922;8,087989;7,663152;39,114521;44,91
2020.11.25;22,908861;8,136779;7,725965;38,02438;45,709999
2020.11.27;23,283932;8,052334;7,73962;37,446705;45,529999
2020.11.30;23,22471;7,790554;7,619456;35,527317;45,34
2020.12.01;23,007563;7,895641;7,57394;35,872059;44,549999
2020.12.02;22,800291;7,974456;7,539347;37,213768;45,279999
2020.12.03;22,642366;7,930357;7,472894;37,465336;45,639999
2020.12.04;22,711456;8,204335;7,470162;38,834995;46,259998
2020.12.07;22,81016;8,225917;7,447404;38,108242;45,759998
2020.12.08;23,422115;8,247497;7,428287;39,356773;45,599998
2020.12.09;22,84964;8,297226;7,391874;39,878548;45,52
2020.12.10;23,195101;8,384486;7,473804;41,005955;46,779999
2020.12.11;23,323412;8,264385;7,32724;40,810291;46,57
2020.12.14;23,659428;8,142409;7,393695;39,338142;46,990002
2020.12.15;24,766302;8,211842;7,323599;40,102173;47,619999
2020.12.16;24,766302;8,215594;7,430108;40,717117;47,82
2020.12.17;25,260443;8,173372;7,440122;40,512135;48,360001
2020.12.18;25,606339;8,088927;7,428287;39,813324;49,099998
2020.12.21;26,051067;7,735195;7,151547;39,086571;47,740002
2020.12.22;26,999815;7,844035;7,347268;38,42503;47,02
2020.12.23;27,434658;8,054211;7,529334;38,918858;48,119999
2020.12.24;27,385242;8,054211;7,529334;38,760456;48,23
2020.12.28;27,602667;8,06547;7,596698;38,890907;47,619999
2020.12.29;27,335829;8,033568;7,533885;38,452984;48
2020.12.30;27,972607;8,020432;7,533885;38,760456;48,400002
2020.12.31;27,923168;8,020432;7,533885;38,406399;48,52
2021.01.04;28,358231;7,926604;7,698655;38,667286;47,619999
2021.01.05;28,961386;8,220286;7,642215;40,530769;49,93
2021.01.06;31,047714;8,489573;8,12833;41,565002;50,630001
2021.01.07;33,035164;8,508338;7,989962;41,891113;50,830002
2021.01.08;32,787968;8,472684;8,136523;42,356979;52,240002
2021.01.11;31,680534;8,423893;8,145626;43,642784;52,25
2021.01.12;32,066158;8,495203;8,01363;44,611801;53,209999
2021.01.13;32,224361;8,500833;8,12469;45,114937;52,91
2021.01.14;31,937614;8,449227;8,040938;46,875927;53,57
2021.01.15;30,217138;8,285966;8,064608;44,621117;52,360001
2021.01.19;31,047714;8,282212;7,962453;45,506271;52,98
2021.01.20;30,92906;8,351645;7,966168;46,14917;53,240002
2021.01.21;32,293579;8,133026;7,855656;44,826096;53,130001
2021.01.22;32,530888;8,014802;7,749787;44,192516;52,27
2021.01.25;32,115597;7,837467;7,740499;43,698689;52,77
2021.01.26;31,799187;8,001666;7,800864;42,738995;52,610001
2021.01.27;29,801851;8,019494;7,653205;42,25449;52,849998
2021.01.28;30,474218;8,020432;7,801792;42,916031;52,34
2021.01.29;29,465666;7,83653;7,606771;41,779305;52,200001
2021.02.01;30,128145;7,69391;7,634631;41,85384;53,549999
2021.02.02;30,454443;7,798059;7,615129;42,515377;54,759998
2021.02.03;30,998276;7,965074;7,942022;44,183197;55,689999
2021.02.04;30,602764;8,041074;7,945737;45,031086;56,23
2021.02.05;30,830183;8,079544;7,844511;46,540504;56,849998
2021.02.08;31,136703;8,145224;7,893732;48,543743;57,970001
2021.02.09;30,859844;8,233422;7,693139;47,975212;58,360001
2021.02.10;30,444557;8,298163;7,724713;48,439514;58,68
2021.02.11;30,602764;8,2353;7,858442;47,226631;58,240002
2021.02.12;29,97983;8,331004;7,864015;47,870975;59,470001
2021.02.16;29,643644;8,518661;7,710783;49,311279;60,049999
2021.02.17;29,149256;8,597476;7,710783;50,0788;61,139999
2021.02.18;27,636421;8,535549;7,615129;49,292324;60,52
2021.02.19;28,170361;8,630315;7,611414;49,623966;59,240002
2021.02.22;26,301567;8,778564;7,500902;51,45277;61,490002
2021.02.23;25,935715;8,842367;7,408035;52,163445;61,669998
2021.02.24;26,489435;8,985924;7,3551;53,726925;63,220001
2021.02.25;25,213909;9,082568;7,280807;52,836216;63,529999
2021.02.26;25,55998;8,896789;7,284521;51,519104;61,5
2021.03.01;26,528986;8,970911;7,380174;53,442661;60,639999
2021.03.02;25,678635;8,906171;7,245517;53,129959;59,75
2021.03.03;23,997707;9,063802;7,08207;53,55637;61,279999
2021.03.04;23,038589;9,266471;7,283592;55,631531;63,830002
2021.03.05;22,712292;9,440991;7,311453;57,735123;66,089996
2021.03.08;22,020147;9,551708;7,507402;57,678272;65,050003
2021.03.09;23,859278;9,514177;7,525047;56,787563;64,010002
2021.03.10;23,849392;9,58924;7,62906;58,531082;64,440002
2021.03.11;25,362225;9,664302;7,732142;58,095203;66,019997
2021.03.12;25,164469;9,77502;7,666207;58,720592;65,610001
2021.03.15;25,026039;9,696203;7,597484;57,223438;65,389999
2021.03.16;24,452547;9,608006;7,650419;56,010559;64,800003
2021.03.17;23,780174;9,664302;7,57984;56,256924;64,599998
2021.03.18;22,484873;9,699957;7,488829;53,831161;60
2021.03.19;23,078142;9,546078;7,713568;53,527939;61,419998
2021.03.22;23,631857;9,519807;7,730285;52,978348;61,549999
2021.03.23;23,186907;9,364052;7,800864;52,324532;57,759998
2021.03.24;22,148687;9,613635;7,825009;53,385803;61,18
2021.03.25;22,257454;9,487906;7,839869;53,234192;58,560001
2021.03.26;22,702404;9,600499;7,825939;54,683968;60,970001
2021.03.29;22,158575;9,709339;7,900233;54,390228;61,560001
2021.03.30;23,226458;9,769389;7,83151;53,717453;60,549999
2021.03.31;24,027369;9,846329;7,887231;52,902546;59,16
2021.04.01;23,908716;9,917638;7,833367;54,380741;61,450001
2021.04.05;23,542868;9,917638;7,833367;53,537415;58,650002
2021.04.06;23,542868;9,827562;7,94388;53,385803;59,330002
2021.04.07;22,880383;9,810675;7,973597;53,622692;59,77
2021.04.08;23,177019;9,626771;8,033961;53,063629;59,599998
2021.04.09;23,206682;9,570474;7,981027;52,940449;59,32
2021.04.12;22,741957;9,534819;7,968025;52,589851;59,700001
2021.04.13;23,206682;9,59487;8,006101;52,788841;60,18
2021.04.14;23,127579;9,840698;7,90209;54,314415;63,150002
2021.04.15;22,791395;9,724352;7,968954;53,992245;63,459999
2021.04.16;23,552755;9,711217;8,04139;53,689026;63,130001
2021.04.19;22,979263;9,686821;8,044177;53,518463;63,380001
2021.04.20;22,77162;9,45225;7,944809;52,390862;62,439999
2021.04.21;23,21657;9,523559;7,881659;53,063629;61,349998
2021.04.22;23,780174;9,540449;8,096183;52,37191;61,43
2021.04.23;24,225126;9,478522;8,111969;52,656178;62,139999
2021.04.26;24,343781;9,521683;8,023746;52,76041;61,91
2021.04.27;24,264681;9,486029;7,942022;53,452133;62,939999
2021.04.28;23,770288;9,574227;7,84544;55,062992;63,860001
2021.04.29;23,40444;9,572351;7,743287;55,849468;65,010002
2021.04.30;22,979263;9,317138;7,677351;54,238613;63,580002
2021.05.03;22,652966;9,476646;7,760002;55,735764;64,489998
2021.05.04;21,723511;9,476646;7,620701;56,086365;65,690002
2021.05.05;21,69385;9,671808;7,69778;57,773029;65,629997
2021.05.06;21,407101;9,688698;7,677351;58,322617;64,709999
2021.05.07;21,792727;9,683067;7,678278;59,156475;64,900002
2021.05.10;21,140131;9,765636;7,683851;59,298607;64,919998
2021.05.11;21,189569;9,613635;7,488829;57,412952;65,279999
2021.05.12;20,477648;9,812551;7,421965;57,720592;66,080002
2021.05.13;20,556751;9,668055;7,514832;57,009182;63,82
2021.05.14;21,357662;9,786279;7,618845;58,422394;65,370003
2021.05.17;21,159906;9,81818;7,575196;59,787537;66,269997
2021.05.18;21,55542;9,790032;7,548265;58,095528;65,489998
2021.05.19;21,723511;9,566721;7,397819;56,701542;63,360001
2021.05.20;22,277229;9,551708;7,498116;56,566952;62,049999
2021.05.21;22,326668;9,64929;7,603985;56,64386;63,580002
2021.05.24;22,36622;9,712696;7,577054;57,307205;66,050003
2021.05.25;22,306892;9,592607;7,584483;56,009354;66,07
2021.05.26;22,573864;9,635839;7,577054;56,663086;66,209999
2021.05.27;22,554085;9,70309;7,565909;56,297768;66,849998
2021.05.28;22,662853;9,697325;7,562194;56,115108;66,32
2021.06.01;22,613417;9,889465;7,488829;58,124367;67,720001
2021.06.02;22,247566;9,962479;7,411749;58,585823;68,830002
2021.06.03;21,842167;10,029727;7,329097;58,816551;68,809998
2021.06.04;22,049809;9,972086;7,365316;59,076126;69,620003
2021.06.07;22,168463;10,043178;7,43218;58,691578;69,230003
2021.06.08;22,257454;10,083528;7,440538;59,729855;70,050003
2021.06.09;22,119024;10,03357;7,441467;60,229767;69,959999
2021.06.10;22,212486;10,10082;7,393176;60,325901;70,290001
2021.06.11;22,401402;10,166147;7,449825;59,768307;70,910004
2021.06.14;22,669861;10,30641;7,524119;59,672173;70,879997
2021.06.15;22,411346;10,312174;7,503688;61,844868;72,120003
2021.06.16;22,530661;10,31986;7,627202;61,623749;72,150002
2021.06.17;22,65992;10,212261;7,50276;59,595261;71,040001
2021.06.18;22,282087;9,908679;7,479543;58,066692;71,639999
2021.06.21;22,510775;10,008593;7,716159;60,172085;73,660004
2021.06.22;22,739464;10,004749;7,704755;61,325726;73,059998
2021.06.23;22,69969;10,012435;7,574569;61,777569;73,080002
2021.06.24;22,848833;10,125798;7,634437;62,027523;73,300003
2021.06.25;22,918434;10,141169;7,61068;62,162125;74,050003
2021.06.28;23,524952;9,935579;7,57742;60,575859;72,910004
2021.06.29;23,674097;9,931736;7,638237;60,200924;72,980003
2021.06.30;23,326092;9,866408;7,442482;60,643154;73,470001
2021.07.01;23,405638;10,048942;7,458637;60,816196;75,230003
2021.07.02;23,355923;9,989378;7,460537;60,729675;75,160004
2021.07.06;23,515009;9,866408;7,546062;58,999214;73,370003
2021.07.07;23,435465;9,770338;7,662944;58,076302;72,199997
2021.07.08;23,027807;9,571473;7,490946;57,81673;72,940002
2021.07.09;23,087463;9,683875;7,529906;58,86462;74,559998
2021.07.12;23,355923;9,697325;7,661044;58,806938;74,099998
2021.07.13;23,07752;9,610862;7,657242;58,528145;75,25
2021.07.14;22,510775;9,630075;7,624934;57,230293;73,129997
2021.07.15;22,063343;9,520555;7,537509;56,672703;71,650002
2021.07.16;21,973858;9,445621;7,61163;55,105671;71,809998
2021.07.19;21,814772;9,082476;7,394766;53,211773;66,419998
2021.07.20;22,033514;9,12955;7,403518;53,798203;67,419998
2021.07.21;22,729521;9,366843;7,595098;55,528667;70,300003
2021.07.22;22,739464;9,265009;7,738052;54,903782;71,910004
2021.07.23;22,431231;9,289026;7,828494;54,836487;72,07
2021.07.26;22,252256;9,478285;7,858641;56,220856;71,910004
2021.07.27;22,09317;9,422564;7,742915;55,59597;71,650002
2021.07.28;22,69969;9,527281;7,833356;55,970901;72,389999
2021.07.29;22,640034;9,620468;7,794457;56,653477;73,620003
2021.07.30;22,580376;9,630075;7,565923;55,346012;73,949997
2021.08.02;22,600262;9,580119;7,526051;55,355629;71,260002
2021.08.03;23,03775;9,737674;7,482289;55,951675;70,559998
2021.08.04;22,988035;9,722303;7,491042;54,644215;68,150002
2021.08.05;22,819006;9,799159;7,538693;54,990307;69,089996
2021.08.06;22,789177;9,897151;7,545501;55,624809;68,279999
2021.08.09;23,147121;9,879859;7,583428;54,990307;66,480003
2021.08.10;23,117292;9,943265;7,573703;55,932446;68,290001
2021.08.11;22,978092;10,006671;7,617465;56,095879;69,25
2021.08.12;22,689747;10,066234;7,628162;55,969009;69,089996
2021.08.13;22,471003;10,104662;7,671924;55,402981;68,440002
2021.08.16;22,29203;9,964399;7,63108;54,592964;67,290001
2021.08.17;22,0534;9,968244;7,563005;54,222115;66,589996
2021.08.18;22,1926;9,958636;7,638859;53,080288;65,459999
2021.08.19;22,1926;9,680033;7,704016;51,460262;63,689999
2021.08.20;22,550547;9,666583;7,780842;51,47002;62,32
2021.08.23;22,83889;9,831823;7,616492;53,587769;65,639999
2021.08.24;22,978092;9,912522;7,573703;54,026932;67,540001
2021.08.25;23,057636;9,92405;7,547446;54,124523;68,360001
2021.08.26;22,789177;9,900993;7,46673;53,392582;67,419998
2021.08.27;22,988035;10,0182;7,467702;54,427059;68,739998
2021.08.30;23,216722;10,022042;7,534804;53,831745;69,209999
2021.08.31;23,196836;10,043178;7,504657;53,207157;68,5
2021.09.01;23,375809;10,083528;7,589262;52,47522;68,589996
2021.09.02;23,654213;10,214183;7,573703;53,753677;69,989998
2021.09.03;23,465294;10,116191;7,509519;53,548729;69,290001
2021.09.07;23,276379;10,166147;7,381151;53,236435;68,349998
2021.09.08;22,828947;10,173833;7,311132;52,748474;69,300003
2021.09.09;22,79912;10,169991;7,322803;52,78751;68,139999
2021.09.10;22,441174;10,129641;7,172067;52,680157;69,720001
2021.09.13;22,888607;10,381344;7,292655;54,036686;70,449997
2021.09.14;22,749405;10,475493;7,230416;53,265717;70,459999
2021.09.15;22,431231;10,558113;6,831698;55,061401;72,610001
2021.09.16;22,282087;10,590777;6,808358;54,475853;72,610001
2021.09.17;22,391459;10,512;6,767514;53,831745;71,970001
2021.09.20;21,794884;10,414;6,651789;52,397144;70,290001
2021.09.21;22,0534;10,606;6,709165;52,348347;70,559998
2021.09.22;22,361629;10,886;6,749037;53,880543;72,230003
2021.09.23;22,56049;10,902;6,884212;55,705513;73,300003
2021.09.24;22,123001;10,932;6,824891;56,203232;73,980003
2021.09.27;22,301973;11,186;6,755844;57,872055;75,449997
2021.09.28;21,814772;11,264;6,648871;58,477123;75,290001
2021.09.29;21,586082;11,388;6,606082;58,438087;74,830002
2021.09.30;21,526426;11,546;6,467989;57,403614;75,029999
2021.10.01;21,645742;11,482;6,543843;59,462803;75,879997
2021.10.04;21,078995;11,642;6,552595;60,233784;77,620003
2021.10.05;21,118765;11,848;6,606082;60,136189;78,93
2021.10.06;21,16848;11,666;6,542871;59,033401;77,43
2021.10.07;21,387224;11,588;6,713055;59,199306;78,300003
2021.10.08;21,218195;11,858;6,728615;60,682705;79,349998
2021.10.11;21,297737;12,006;6,56232;60,077637;80,519997
2021.10.12;22,103113;11,974;6,578852;59,765343;80,639999
2021.10.13;22,819006;11,822;6,642064;59,599434;80,440002
2021.10.14;22,729521;11,98;6,749037;60,507042;81,309998
2021.10.15;22,79912;12,208;6,728615;61,082832;82,279999
2021.10.18;22,888607;12,236;6,715972;61,053555;82,440002
2021.10.19;23,445408;12,172;6,886157;61,970917;82,959999
2021.10.20;23,58461;12,318;7,011608;62,312489;83,870003
2021.10.21;23,614439;12,134;6,975626;61,180424;82,5
2021.10.22;23,425522;12,078;6,930891;61,600067;83,760002
2021.10.25;23,773525;12,278;6,866707;62,800449;83,760002
2021.10.26;23,614439;12,358;6,948396;64,254562;84,650002
2021.10.27;24,320385;12,268;7,017442;62,585747;82,660004
2021.10.28;25,165535;12,164;7,069956;62,76141;82,809998
2021.10.29;25,125763;12,404;7,036892;62,917561;83,57
2021.11.01;25,642797;12,746;7,084544;64,049622;84,050003
2021.11.02;25,15559;12,54;7,03203;63,259132;83,910004
2021.11.03;24,578901;12,38;7,056342;62,390564;80,860001
2021.11.04;24,449644;12,56;7,052452;62,859013;78,809998
2021.11.05;24,141415;12,672;7,093296;63,454319;81,269997
2021.11.08;24,578901;12,682;6,99702;64,137466;81,93
2021.11.09;24,449644;12,62;6,898799;64,762047;84,150002
2021.11.10;24,101643;12,664;6,962983;63,486198;81,339996
2021.11.11;24,737989;12,646;6,903662;63,604877;81,589996
2021.11.12;24,936848;12,512;6,903662;63,120251;80,790001
2021.11.15;24,638561;12,546;6,953259;63,664227;80,879997
2021.11.16;24,578901;12,598;6,891992;64,307091;80,760002
2021.11.17;24,429758;12,592;6,873515;63,604877;78,360001
2021.11.18;24,091698;12,43;6,84823;62,912556;79,010002
2021.11.19;24,549072;12,168;6,758761;60,004787;76,099998
2021.11.22;23,982328;12,328;6,760707;60,835579;76,75
2021.11.23;23,703926;12,38;6,716945;62,43782;78,5
2021.11.24;23,773525;12,37;6,851148;62,783981;78,389999
2021.11.25;23,773525;12,296;6,952286;62,783981;78,029999
2021.11.26;23,465294;11,53;6,628449;60,57843;68,150002
2021.11.29;23,723812;11,8;6,602192;60,914703;69,949997
2021.11.30;23,355923;11,642;6,522448;59,183891;66,18
2021.12.01;22,630091;11,904;6,569128;59,134441;65,57
2021.12.02;22,530661;11,94;6,408668;60,608101;66,5
2021.12.03;21,824715;12,01;6,346428;60,222378;66,260002
2021.12.06;22,083227;12,292;6,538008;60,904816;69,489998
2021.12.07;22,79912;12,568;6,623586;61,587246;72,050003
2021.12.08;22,868721;12,39;6,516613;61,765274;72,360001
2021.12.09;22,212486;12,266;6,517586;61,923519;70,940002
2021.12.10;22,063343;12,206;6,505916;62,319134;71,669998
2021.12.13;21,947409;12,02;6,422282;60,954266;71,290001
2021.12.14;21,287786;12,148;6,443677;60,865253;70,730003
2021.12.15;21,647581;12;6,512723;60,598213;70,870003
2021.12.16;21,167856;12,198;6,465071;60,697113;72,379997
2021.12.17;21,207832;12,052;6,560375;59,371807;70,860001
2021.12.20;20,428282;11,834;6,469934;58,511345;68,230003
2021.12.21;21,107891;12,18;6,646926;59,836655;71,120003
2021.12.22;21,227821;12,174;6,686798;60,321281;72,760002
2021.12.23;21,227821;12,24;6,725697;60,350952;73,790001
2021.12.27;21,197838;12,294;6,737367;61,211414;75,57
2021.12.28;20,987961;12,404;6,842395;61,013607;75,980003
2021.12.29;20,918001;12,28;6,817111;60,47953;76,559998
2021.12.30;21,209999;12,22;6,85212;60,123474;76,989998
2021.12.31;21,17;12,22;6,85212;60,519089;75,209999
2022.01.03;21,34;12,408;6,99702;62,843323;76,080002
2022.01.04;21,01;12,61;6,974653;65,207115;76,989998
2022.01.05;20,030001;12,756;6,924084;66,018127;77,849998
2022.01.06;19,75;12,65;6,757789;67,570915;79,459999
2022.01.07;19,66;12,79;6,71889;68,124771;78,900002
2022.01.10;19,57;12,684;6,739312;67,719269;78,230003
2022.01.11;19,74;12,81;6,740285;70,567688;81,220001
2022.01.12;19,790001;13,052;6,731532;70,359993;82,639999
2022.01.13;19,57;13,024;6,769459;69,855583;82,120003
2022.01.14;19,450001;13,16;6,619697;71,081993;83,82
2022.01.18;18,91;13,27;6,623586;72,278725;85,43
2022.01.19;18,860001;13,42;6,623586;72,308395;86,959999
2022.01.20;18,98;13,29;6,810303;72,466637;86,900002
2022.01.21;18,299999;13,106;6,715;71,3787;85,139999
2022.01.24;18,370001;12,686;6,665;71,991905;83,309998
2022.01.25;17,82;13,094;6,666;74,108437;85,599998
2022.01.26;17,879999;13,484;6,715;73,356766;87,349998
2022.01.27;17,6;13,812;6,852;74,296356;86,610001
2022.01.28;17,76;13,574;6,752;74,454597;86,82
2022.01.31;18,75;13,308;6,781;75,127144;88,150002
2022.02.01;18,719999;13,456;6,854;79,943748;88,199997
2022.02.02;18,639999;13,356;6,849;79,736053;88,260002
2022.02.03;18,17;13,288;6,779;78,806358;90,269997
2022.02.04;18,34;13,48;6,639;80,517395;92,309998
2022.02.07;18,23;13,186;6,431;81,486641;91,32
2022.02.08;18,27;13,036;6,331;79,379997;89,360001
2022.02.09;18,93;13,252;6,477;79;89,660004
2022.02.10;18,450001;13,298;6,432;78,239998;89,879997
2022.02.11;17,969999;13,528;6,394;80,209999;93,099998
2022.02.14;17,83;13,324;6,32;78,980003;95,459999
2022.02.15;18,73;13,172;6,429;77,989998;92,07
2022.02.16;18,74;13,308;6,51;78,349998;93,660004
2022.02.17;18,48;13,334;6,482;78,230003;91,760002
2022.02.18;18,139999;13,47;6,435;77,360001;91,07
2022.02.22;17,690001;13,492;6,344;76,459999;92,349998
2022.02.23;17,57;13,426;6,314;76,769997;92,099998
2022.02.24;18,91;13,362;6,192;75,800003;92,809998
2022.02.25;19,440001;13,78;6,549;77,839996;91,589996
2022.02.28;20,709999;13,832;6,599;78,419998;95,720001
2022.03.01;20,51;14,252;6,174;79,169998;103,410004
2022.03.02;20,18;14,53;6,17;80,529999;110,599998
2022.03.03;19,57;13,866;5,955;81,040001;107,669998
2022.03.04;19,42;12,854;5,67;84,089996;115,68
2022.03.07;19,9;13,406;5,561;87,120003;119,400002
2022.03.08;21,27;13,67;5,722;87,779999;123,699997
2022.03.09;21,33;13,602;6,039;82,790001;108,699997
2022.03.10;21,030001;13,104;5,739;85,360001;106,019997
2022.03.11;20,709999;13,036;5,728;84,919998;109,330002
2022.03.14;19,959999;12,978;5,819;81,879997;103,010002
2022.03.15;20,280001;12,924;5,826;77,220001;96,440002
2022.03.16;20,82;12,77;5,824;76,93;95,040001
2022.03.17;21,08;13,11;5,72;78,980003;102,980003
2022.03.18;21,15;12,728;5,76;78,669998;104,699997
2022.03.21;21;13,094;5,824;82,199997;112,120003
2022.03.22;21,290001;13,104;5,823;81,839996;111,760002
2022.03.23;20,959999;13,222;5,709;83,129997;114,93
2022.03.24;21,290001;13,314;5,77;83,379997;112,339996
2022.03.25;21,040001;13,464;5,824;85,199997;113,900002
2022.03.28;21,129999;13,272;5,878;82,809998;105,959999
2022.03.29;21,440001;13,096;6,077;82,370003;104,239998
2022.03.30;21,389999;13,382;6,097;83,779999;107,82
2022.03.31;21,52;13,294;6,068;82,589996;100,279999
2022.04.01;21,639999;13,414;6,104;83,120003;99,269997
2022.04.04;22,08;13,442;6,11;83,160004;103,279999
2022.04.05;22,02;13,508;6,232;82,730003;101,959999
2022.04.06;21,5499;13,374;6,182;83,68;99,510002
